file,class,method,constructor,line,cbo,cboModified,fanin,fanout,wmc,rfc,loc,returnsQty,variablesQty,parametersQty,methodsInvokedQty,methodsInvokedLocalQty,methodsInvokedIndirectLocalQty,loopQty,comparisonsQty,tryCatchQty,parenthesizedExpsQty,stringLiteralsQty,numbersQty,assignmentsQty,mathOperationsQty,maxNestedBlocksQty,anonymousClassesQty,innerClassesQty,lambdasQty,uniqueWordsQty,modifiers,logStatementsQty,hasJavaDoc
/Users/cameronwiegel/Desktop/project/keycloak/core/src/test/java/org/keycloak/HashTest.java,org.keycloak.HashTest,"testSha256Hash/3[java.lang.String,java.nio.charset.Charset,java.lang.String]",false,47,0,1,1,0,1,2,4,0,1,3,2,0,0,0,0,0,0,0,0,1,0,0,0,0,0,5,2,0,false
/Users/cameronwiegel/Desktop/project/keycloak/core/src/test/java/org/keycloak/HashTest.java,org.keycloak.HashTest,testSha256Hash/0,false,35,2,1,0,1,1,1,8,0,0,0,1,1,1,0,0,0,0,12,0,0,0,0,0,0,0,4,1,0,false
/Users/cameronwiegel/Desktop/project/keycloak/core/src/test/java/org/keycloak/sdjwt/sdjwtvp/KeyBindingJwtVerificationOptsTest.java,org.keycloak.sdjwt.sdjwtvp.KeyBindingJwtVerificationOptsTest,buildShouldFail_IfKeyBindingRequired_AndNonceNotSpecified/0,false,26,1,0,0,0,1,3,3,0,0,0,3,0,0,0,0,0,0,0,0,0,0,0,0,0,0,14,1,0,false
/Users/cameronwiegel/Desktop/project/keycloak/core/src/test/java/org/keycloak/sdjwt/sdjwtvp/KeyBindingJwtVerificationOptsTest.java,org.keycloak.sdjwt.sdjwtvp.KeyBindingJwtVerificationOptsTest,buildShouldFail_IfKeyBindingRequired_AndNonceEmpty/0,false,33,1,0,0,0,1,4,3,0,0,0,4,0,0,0,0,0,0,1,0,0,0,0,0,0,0,13,1,0,false
/Users/cameronwiegel/Desktop/project/keycloak/core/src/test/java/org/keycloak/sdjwt/sdjwtvp/KeyBindingJwtVerificationOptsTest.java,org.keycloak.sdjwt.sdjwtvp.KeyBindingJwtVerificationOptsTest,buildShouldFail_IfKeyBindingRequired_AndAudNotSpecified/0,false,41,1,0,0,0,1,4,3,0,0,0,4,0,0,0,0,0,0,1,0,0,0,0,0,0,0,14,1,0,false
/Users/cameronwiegel/Desktop/project/keycloak/core/src/test/java/org/keycloak/sdjwt/SdJWTSamplesTest.java,org.keycloak.sdjwt.SdJWTSamplesTest,testS7_2_StructuredSdJwt/0,false,54,7,1,0,1,1,15,15,0,10,0,15,0,0,0,0,0,2,13,0,10,0,0,0,0,0,34,1,0,false
/Users/cameronwiegel/Desktop/project/keycloak/core/src/test/java/org/keycloak/sdjwt/SdJWTSamplesTest.java,org.keycloak.sdjwt.SdJWTSamplesTest,testS7_2b_PartialDisclosureOfStructuredSdJwt/0,false,95,7,1,0,1,1,15,15,0,10,0,15,0,0,0,0,0,2,11,0,10,0,0,0,0,0,36,1,0,false
/Users/cameronwiegel/Desktop/project/keycloak/core/src/test/java/org/keycloak/sdjwt/SdJWTSamplesTest.java,org.keycloak.sdjwt.SdJWTSamplesTest,testS7_1_FlatSdJwt/0,false,31,7,1,0,1,1,11,10,0,6,0,11,0,0,0,0,0,1,5,0,6,0,0,0,0,0,30,1,0,false
/Users/cameronwiegel/Desktop/project/keycloak/core/src/test/java/org/keycloak/sdjwt/SdJWTSamplesTest.java,org.keycloak.sdjwt.SdJWTSamplesTest,testS7_3_RecursiveDisclosureOfStructuredSdJwt/0,false,135,7,1,0,1,1,15,15,0,10,0,15,0,0,0,0,0,2,15,0,10,0,0,0,0,0,36,1,0,false
/Users/cameronwiegel/Desktop/project/keycloak/core/src/test/java/org/keycloak/sdjwt/sdjwtvp/SdJwtVPVerificationTest.java,org.keycloak.sdjwt.sdjwtvp.SdJwtVPVerificationTest,testShouldFail_IfCnfJwkCantBeParsed2/0,false,358,2,2,0,2,1,3,3,0,0,0,3,2,1,0,0,0,0,3,0,0,0,0,0,0,0,18,1,0,false
/Users/cameronwiegel/Desktop/project/keycloak/core/src/test/java/org/keycloak/sdjwt/sdjwtvp/SdJwtVPVerificationTest.java,org.keycloak.sdjwt.sdjwtvp.SdJwtVPVerificationTest,"testShouldFailGeneric/4[java.lang.String,org.keycloak.sdjwt.sdjwtvp.KeyBindingJwtVerificationOpts,java.lang.String,java.lang.String]",false,373,4,12,11,1,2,13,9,0,3,4,13,0,0,0,1,0,0,0,0,3,0,1,0,0,1,26,2,0,false
/Users/cameronwiegel/Desktop/project/keycloak/core/src/test/java/org/keycloak/sdjwt/sdjwtvp/SdJwtVPVerificationTest.java,org.keycloak.sdjwt.sdjwtvp.SdJwtVPVerificationTest,testShouldFail_IfKeyBindingJwtSignatureInvalid/0,false,175,2,2,0,2,1,3,3,0,0,0,3,2,1,0,0,0,0,3,0,0,0,0,0,0,0,19,1,0,false
/Users/cameronwiegel/Desktop/project/keycloak/core/src/test/java/org/keycloak/sdjwt/sdjwtvp/SdJwtVPVerificationTest.java,org.keycloak.sdjwt.sdjwtvp.SdJwtVPVerificationTest,testShouldFail_IfReplayChecksFail_Aud/0,false,220,2,2,0,2,1,4,3,0,0,0,4,2,1,0,0,0,0,3,0,0,0,0,0,0,0,12,1,0,false
/Users/cameronwiegel/Desktop/project/keycloak/core/src/test/java/org/keycloak/sdjwt/sdjwtvp/SdJwtVPVerificationTest.java,org.keycloak.sdjwt.sdjwtvp.SdJwtVPVerificationTest,testShouldFail_IfKbExpired/0,false,295,3,3,0,3,1,9,6,0,2,0,9,3,1,0,0,0,0,3,1,2,1,0,0,0,0,18,1,0,false
/Users/cameronwiegel/Desktop/project/keycloak/core/src/test/java/org/keycloak/sdjwt/sdjwtvp/SdJwtVPVerificationTest.java,org.keycloak.sdjwt.sdjwtvp.SdJwtVPVerificationTest,defaultIssuerVerifyingKeys/0,false,429,1,4,4,0,1,1,3,1,0,0,1,0,0,0,0,0,0,0,0,0,0,0,0,0,0,4,2,0,false
/Users/cameronwiegel/Desktop/project/keycloak/core/src/test/java/org/keycloak/sdjwt/sdjwtvp/SdJwtVPVerificationTest.java,org.keycloak.sdjwt.sdjwtvp.SdJwtVPVerificationTest,testShouldFail_IfKbSdHashInvalid/0,false,247,3,3,0,3,1,5,5,0,1,0,5,3,1,0,0,0,0,3,0,1,0,0,0,0,0,16,1,0,false
/Users/cameronwiegel/Desktop/project/keycloak/core/src/test/java/org/keycloak/sdjwt/sdjwtvp/SdJwtVPVerificationTest.java,org.keycloak.sdjwt.sdjwtvp.SdJwtVPVerificationTest,testVerif_s20_1_sdjwt_with_kb/0,false,63,4,4,0,4,1,8,5,0,2,0,8,3,1,0,0,0,0,1,0,2,0,0,0,0,0,21,1,0,false
/Users/cameronwiegel/Desktop/project/keycloak/core/src/test/java/org/keycloak/sdjwt/sdjwtvp/SdJwtVPVerificationTest.java,org.keycloak.sdjwt.sdjwtvp.SdJwtVPVerificationTest,testShouldFail_IfWrongKbTyp/0,false,197,2,2,0,2,1,3,3,0,0,0,3,2,1,0,0,0,0,2,0,0,0,0,0,0,0,21,1,0,false
/Users/cameronwiegel/Desktop/project/keycloak/core/src/test/java/org/keycloak/sdjwt/sdjwtvp/SdJwtVPVerificationTest.java,org.keycloak.sdjwt.sdjwtvp.SdJwtVPVerificationTest,testShouldFail_IfCnfJwkCantBeParsed/0,false,347,2,2,0,2,1,3,3,0,0,0,3,2,1,0,0,0,0,3,0,0,0,0,0,0,0,20,1,0,false
/Users/cameronwiegel/Desktop/project/keycloak/core/src/test/java/org/keycloak/sdjwt/sdjwtvp/SdJwtVPVerificationTest.java,org.keycloak.sdjwt.sdjwtvp.SdJwtVPVerificationTest,testShouldFail_IfKbNotBeforeTimeYet/0,false,312,3,3,0,3,1,9,6,0,2,0,9,3,1,0,0,0,0,3,1,2,1,0,0,0,0,22,1,0,false
/Users/cameronwiegel/Desktop/project/keycloak/core/src/test/java/org/keycloak/sdjwt/sdjwtvp/SdJwtVPVerificationTest.java,org.keycloak.sdjwt.sdjwtvp.SdJwtVPVerificationTest,testShouldFail_IfNoCnfClaim/0,false,186,2,2,0,2,1,3,3,0,0,0,3,2,1,0,0,0,0,2,0,0,0,0,0,0,0,21,1,0,false
/Users/cameronwiegel/Desktop/project/keycloak/core/src/test/java/org/keycloak/sdjwt/sdjwtvp/SdJwtVPVerificationTest.java,org.keycloak.sdjwt.sdjwtvp.SdJwtVPVerificationTest,testShouldFail_IfKbIssuedInFuture/0,false,262,3,3,0,3,1,8,6,0,2,0,8,3,1,0,0,0,0,3,1,2,1,0,0,0,0,21,1,0,false
/Users/cameronwiegel/Desktop/project/keycloak/core/src/test/java/org/keycloak/sdjwt/sdjwtvp/SdJwtVPVerificationTest.java,org.keycloak.sdjwt.sdjwtvp.SdJwtVPVerificationTest,testVerif_s20_8_sdjwt_with_kb__AltCnfCurves/0,false,75,4,4,0,4,2,9,8,0,3,0,9,3,1,1,0,0,0,2,0,3,0,1,0,0,0,27,1,0,false
/Users/cameronwiegel/Desktop/project/keycloak/core/src/test/java/org/keycloak/sdjwt/sdjwtvp/SdJwtVPVerificationTest.java,org.keycloak.sdjwt.sdjwtvp.SdJwtVPVerificationTest,testShouldFail_IfCnfNotJwk/0,false,329,3,1,0,1,1,11,6,0,3,0,11,0,0,0,0,0,0,2,0,3,0,0,0,0,1,34,1,0,false
/Users/cameronwiegel/Desktop/project/keycloak/core/src/test/java/org/keycloak/sdjwt/sdjwtvp/SdJwtVPVerificationTest.java,org.keycloak.sdjwt.sdjwtvp.SdJwtVPVerificationTest,testShouldFail_IfKbSdHashWrongFormat/0,false,232,3,3,0,3,1,6,5,0,1,0,6,3,1,0,0,0,0,2,1,1,0,0,0,0,0,22,1,0,false
/Users/cameronwiegel/Desktop/project/keycloak/core/src/test/java/org/keycloak/sdjwt/sdjwtvp/SdJwtVPVerificationTest.java,org.keycloak.sdjwt.sdjwtvp.SdJwtVPVerificationTest,defaultKeyBindingJwtVerificationOpts/0,false,439,1,21,21,0,1,7,3,1,0,0,7,0,0,0,0,0,0,2,0,0,0,0,0,0,0,8,2,0,false
/Users/cameronwiegel/Desktop/project/keycloak/core/src/test/java/org/keycloak/sdjwt/sdjwtvp/SdJwtVPVerificationTest.java,org.keycloak.sdjwt.sdjwtvp.SdJwtVPVerificationTest,testShouldFail_IfKeyBindingRequiredAndMissing/0,false,162,2,2,0,2,1,4,3,0,0,0,4,2,1,0,0,0,0,2,0,0,0,0,0,0,0,13,1,0,false
/Users/cameronwiegel/Desktop/project/keycloak/core/src/test/java/org/keycloak/sdjwt/sdjwtvp/SdJwtVPVerificationTest.java,org.keycloak.sdjwt.sdjwtvp.SdJwtVPVerificationTest,"testShouldFailGeneric2/4[org.keycloak.sdjwt.sdjwtvp.JsonNode,org.keycloak.sdjwt.sdjwtvp.KeyBindingJwtVerificationOpts,java.lang.String,java.lang.String]",false,401,6,7,6,1,2,15,10,0,4,4,15,0,0,0,1,0,0,1,2,4,2,1,0,0,1,46,2,0,true
/Users/cameronwiegel/Desktop/project/keycloak/core/src/test/java/org/keycloak/sdjwt/sdjwtvp/SdJwtVPVerificationTest.java,org.keycloak.sdjwt.sdjwtvp.SdJwtVPVerificationTest,defaultIssuerSignedJwtVerificationOpts/0,false,433,1,4,4,0,1,3,3,1,0,0,3,0,0,0,0,0,0,0,0,0,0,0,0,0,0,7,2,0,false
/Users/cameronwiegel/Desktop/project/keycloak/core/src/test/java/org/keycloak/sdjwt/sdjwtvp/SdJwtVPVerificationTest.java,org.keycloak.sdjwt.sdjwtvp.SdJwtVPVerificationTest,testVerifKeyBindingNotRequired/0,false,115,4,4,0,4,1,9,5,0,2,0,9,3,1,0,0,0,0,1,0,2,0,0,0,0,0,22,1,0,false
/Users/cameronwiegel/Desktop/project/keycloak/core/src/test/java/org/keycloak/sdjwt/sdjwtvp/SdJwtVPVerificationTest.java,org.keycloak.sdjwt.sdjwtvp.SdJwtVPVerificationTest,testShouldFail_IfExtraDisclosureWithNoDigest/0,false,129,2,2,0,2,1,3,3,0,0,0,3,2,1,0,0,0,0,2,0,0,0,0,0,0,0,21,1,0,false
/Users/cameronwiegel/Desktop/project/keycloak/core/src/test/java/org/keycloak/sdjwt/sdjwtvp/SdJwtVPVerificationTest.java,org.keycloak.sdjwt.sdjwtvp.SdJwtVPVerificationTest,testShouldFail_IfFieldDisclosureLengthIncorrect/0,false,140,2,2,0,2,1,3,3,0,0,0,3,2,1,0,0,0,0,2,0,0,0,0,0,0,0,19,1,0,false
/Users/cameronwiegel/Desktop/project/keycloak/core/src/test/java/org/keycloak/sdjwt/sdjwtvp/SdJwtVPVerificationTest.java,org.keycloak.sdjwt.sdjwtvp.SdJwtVPVerificationTest,testShouldFail_IfReplayChecksFail_Nonce/0,false,208,2,2,0,2,1,4,3,0,0,0,4,2,1,0,0,0,0,3,0,0,0,0,0,0,0,12,1,0,false
/Users/cameronwiegel/Desktop/project/keycloak/core/src/test/java/org/keycloak/sdjwt/sdjwtvp/SdJwtVPVerificationTest.java,org.keycloak.sdjwt.sdjwtvp.SdJwtVPVerificationTest,testVerif_s20_8_sdjwt_with_kb__CnfRSA/0,false,94,4,4,0,4,2,9,8,0,3,0,9,3,1,1,0,0,0,4,0,3,0,1,0,0,0,30,1,0,false
/Users/cameronwiegel/Desktop/project/keycloak/core/src/test/java/org/keycloak/sdjwt/sdjwtvp/SdJwtVPVerificationTest.java,org.keycloak.sdjwt.sdjwtvp.SdJwtVPVerificationTest,testShouldFail_IfKbTooOld/0,false,277,3,3,0,3,1,7,6,0,2,0,7,3,1,0,0,0,0,2,3,2,1,0,0,0,0,24,1,0,false
/Users/cameronwiegel/Desktop/project/keycloak/core/src/test/java/org/keycloak/sdjwt/sdjwtvp/SdJwtVPVerificationTest.java,org.keycloak.sdjwt.sdjwtvp.SdJwtVPVerificationTest,testShouldFail_IfArrayElementDisclosureLengthIncorrect/0,false,151,2,2,0,2,1,3,3,0,0,0,3,2,1,0,0,0,0,2,0,0,0,0,0,0,0,22,1,0,false
/Users/cameronwiegel/Desktop/project/keycloak/core/src/test/java/org/keycloak/sdjwt/sdjwtvp/SdJwtVPVerificationTest.java,org.keycloak.sdjwt.sdjwtvp.SdJwtVPVerificationTest,exampleKbPayload/0,false,449,1,6,6,0,1,4,8,1,1,0,4,0,0,0,0,0,0,7,1,1,0,0,0,0,0,6,2,0,false
/Users/cameronwiegel/Desktop/project/keycloak/core/src/test/java/org/keycloak/sdjwt/consumer/SimplePresentationDefinitionTest.java,org.keycloak.sdjwt.consumer.SimplePresentationDefinitionTest,exampleDisclosedPayload/0,false,77,2,2,1,1,1,3,4,1,1,0,3,0,0,0,0,0,0,1,0,1,0,0,0,0,0,13,2,0,false
/Users/cameronwiegel/Desktop/project/keycloak/core/src/test/java/org/keycloak/sdjwt/consumer/SimplePresentationDefinitionTest.java,org.keycloak.sdjwt.consumer.SimplePresentationDefinitionTest,testCheckIfSatisfiedBy_shouldFailOnRequiredFieldMissing/0,false,54,3,0,0,0,1,8,5,0,2,0,8,0,0,0,0,0,0,3,0,2,0,0,0,0,1,28,1,0,false
/Users/cameronwiegel/Desktop/project/keycloak/core/src/test/java/org/keycloak/sdjwt/consumer/SimplePresentationDefinitionTest.java,org.keycloak.sdjwt.consumer.SimplePresentationDefinitionTest,testCheckIfSatisfiedBy/0,false,41,3,1,0,1,1,5,4,0,1,0,5,1,1,0,0,0,0,10,0,1,0,0,0,0,0,17,1,0,false
/Users/cameronwiegel/Desktop/project/keycloak/core/src/test/java/org/keycloak/sdjwt/consumer/SimplePresentationDefinitionTest.java,org.keycloak.sdjwt.consumer.SimplePresentationDefinitionTest,testCheckIfSatisfiedBy_shouldFailOnNonMatchingPattern/0,false,66,3,0,0,0,1,9,5,0,2,0,9,0,0,0,0,0,0,3,0,2,0,0,0,0,1,27,1,0,false
/Users/cameronwiegel/Desktop/project/keycloak/core/src/test/java/org/keycloak/util/JWKSUtilsTest.java,org.keycloak.util.JWKSUtilsTest,unsupportedKeyType/0,false,60,2,0,0,0,1,3,5,0,2,0,3,0,0,0,0,0,0,4,0,2,1,0,0,0,1,12,1,0,false
/Users/cameronwiegel/Desktop/project/keycloak/core/src/test/java/org/keycloak/util/JWKSUtilsTest.java,org.keycloak.util.JWKSUtilsTest,publicEcMatches/0,false,42,3,0,0,0,1,3,6,0,3,0,3,0,0,0,0,0,0,9,0,3,1,0,0,0,0,16,1,0,false
/Users/cameronwiegel/Desktop/project/keycloak/core/src/test/java/org/keycloak/util/JWKSUtilsTest.java,org.keycloak.util.JWKSUtilsTest,publicRs256/0,false,71,4,0,0,0,1,11,53,0,9,0,11,0,0,0,0,0,0,77,1,15,2,0,0,0,0,59,1,0,false
/Users/cameronwiegel/Desktop/project/keycloak/core/src/test/java/org/keycloak/sdjwt/JsonClaimsetTest.java,org.keycloak.sdjwt.JsonClaimsetTest,testRead61ClaimSet/0,false,35,2,0,0,0,1,11,33,0,16,0,11,0,0,0,0,0,0,11,4,16,0,0,0,0,0,34,1,0,false
/Users/cameronwiegel/Desktop/project/keycloak/core/src/test/java/org/keycloak/util/PemUtilsTest.java,org.keycloak.util.PemUtilsTest,testPublicKeyEncodeDecode/1[java.lang.String],false,174,0,1,1,0,1,4,5,0,2,1,4,0,0,0,0,0,0,0,0,2,0,0,0,0,0,11,2,0,false
/Users/cameronwiegel/Desktop/project/keycloak/core/src/test/java/org/keycloak/util/PemUtilsTest.java,org.keycloak.util.PemUtilsTest,testDecodeObjectsInPEMFormat/0,false,62,2,3,0,3,1,5,14,0,6,0,5,3,1,0,0,0,0,25,0,6,2,0,0,0,0,569,1,0,false
/Users/cameronwiegel/Desktop/project/keycloak/core/src/test/java/org/keycloak/util/PemUtilsTest.java,org.keycloak.util.PemUtilsTest,testPrivateKeyEncodeDecode/1[java.lang.String],false,168,0,1,1,0,1,3,5,0,2,1,3,0,0,0,0,0,0,0,0,2,0,0,0,0,0,11,2,0,false
/Users/cameronwiegel/Desktop/project/keycloak/core/src/test/java/org/keycloak/util/PemUtilsTest.java,org.keycloak.util.PemUtilsTest,testCertificateEncodeDecode/1[java.lang.String],false,180,0,1,1,0,1,3,5,0,2,1,3,0,0,0,0,0,0,0,0,2,0,0,0,0,0,12,2,0,false
/Users/cameronwiegel/Desktop/project/keycloak/core/src/test/java/org/keycloak/util/PemUtilsTest.java,org.keycloak.util.PemUtilsTest,testGenerateThumbprintSha1/0,false,27,1,0,0,0,1,3,5,0,2,0,3,0,0,0,0,0,0,2,1,2,0,0,0,0,0,11,1,0,false
/Users/cameronwiegel/Desktop/project/keycloak/core/src/test/java/org/keycloak/util/PemUtilsTest.java,org.keycloak.util.PemUtilsTest,testEncodeAndDecodeGeneratedObjects/0,false,41,1,0,0,0,1,10,13,0,8,0,10,0,0,0,0,0,0,1,1,8,0,0,0,0,0,17,1,0,false
/Users/cameronwiegel/Desktop/project/keycloak/core/src/test/java/org/keycloak/util/PemUtilsTest.java,org.keycloak.util.PemUtilsTest,testGenerateThumbprintSha256/0,false,34,1,0,0,0,1,3,5,0,2,0,3,0,0,0,0,0,0,2,1,2,0,0,0,0,0,11,1,0,false
/Users/cameronwiegel/Desktop/project/keycloak/core/src/test/java/org/keycloak/util/PemUtilsTest.java,org.keycloak.util.PemUtilsTest,testPrivateKeyInPKCS8Format/0,false,98,1,0,0,0,1,5,10,0,6,0,5,0,0,0,0,0,0,24,0,6,2,0,0,0,0,81,1,0,false
/Users/cameronwiegel/Desktop/project/keycloak/core/src/test/java/org/keycloak/util/PemUtilsTest.java,org.keycloak.util.PemUtilsTest,testDecodeCertificateBundle/0,false,134,2,0,0,0,1,5,12,0,3,0,5,0,0,0,0,0,0,23,3,3,1,1,0,0,1,48,1,0,false
/Users/cameronwiegel/Desktop/project/keycloak/core/src/test/java/org/keycloak/sdjwt/ArrayElementDisclosureTest.java,org.keycloak.sdjwt.ArrayElementDisclosureTest,testSdJwtWithUndiclosedArrayElements6_1/0,false,31,6,1,0,1,1,11,8,0,5,0,11,0,0,0,0,0,0,12,1,5,0,0,0,0,0,32,1,0,false
/Users/cameronwiegel/Desktop/project/keycloak/core/src/test/java/org/keycloak/sdjwt/ArrayElementDisclosureTest.java,org.keycloak.sdjwt.ArrayElementDisclosureTest,testSdJwtWithUndiclosedAndDecoyArrayElements6_1/0,false,55,6,1,0,1,1,12,8,0,5,0,12,0,0,0,0,0,0,16,3,5,0,0,0,0,0,34,1,0,false
/Users/cameronwiegel/Desktop/project/keycloak/core/src/test/java/org/keycloak/sdjwt/consumer/SdJwtPresentationConsumerTest.java,org.keycloak.sdjwt.consumer.SdJwtPresentationConsumerTest,defaultKeyBindingJwtVerificationOpts/0,false,109,1,1,1,0,1,8,3,1,0,0,8,0,0,0,0,0,0,2,0,0,0,0,0,0,0,8,2,0,false
/Users/cameronwiegel/Desktop/project/keycloak/core/src/test/java/org/keycloak/sdjwt/consumer/SdJwtPresentationConsumerTest.java,org.keycloak.sdjwt.consumer.SdJwtPresentationConsumerTest,shouldFail_IfPresentationRequirementsNotMet/0,false,60,3,0,0,0,1,12,5,0,2,0,12,0,0,0,0,0,0,3,0,2,0,0,0,0,1,26,1,0,false
/Users/cameronwiegel/Desktop/project/keycloak/core/src/test/java/org/keycloak/sdjwt/consumer/SdJwtPresentationConsumerTest.java,org.keycloak.sdjwt.consumer.SdJwtPresentationConsumerTest,shouldVerifySdJwtPresentation/0,false,49,2,5,0,5,1,6,3,0,0,0,6,5,1,0,0,0,0,0,0,0,0,0,0,0,0,10,1,0,false
/Users/cameronwiegel/Desktop/project/keycloak/core/src/test/java/org/keycloak/sdjwt/consumer/SdJwtPresentationConsumerTest.java,org.keycloak.sdjwt.consumer.SdJwtPresentationConsumerTest,exampleSdJwtVP/0,false,79,2,2,1,1,1,3,4,1,1,0,3,0,0,0,0,0,0,1,0,1,0,0,0,0,0,10,2,0,false
/Users/cameronwiegel/Desktop/project/keycloak/core/src/test/java/org/keycloak/sdjwt/consumer/SdJwtPresentationConsumerTest.java,org.keycloak.sdjwt.consumer.SdJwtPresentationConsumerTest,defaultIssuerSignedJwtVerificationOpts/0,false,102,1,1,1,0,1,4,3,1,0,0,4,0,0,0,0,0,0,0,0,0,0,0,0,0,0,7,2,0,false
/Users/cameronwiegel/Desktop/project/keycloak/core/src/test/java/org/keycloak/sdjwt/consumer/SdJwtPresentationConsumerTest.java,org.keycloak.sdjwt.consumer.SdJwtPresentationConsumerTest,examplePresentationRequirements/0,false,84,1,1,1,0,1,3,3,1,0,0,3,0,0,0,0,0,0,4,0,0,0,0,0,0,0,3,2,0,false
/Users/cameronwiegel/Desktop/project/keycloak/core/src/test/java/org/keycloak/sdjwt/consumer/SdJwtPresentationConsumerTest.java,org.keycloak.sdjwt.consumer.SdJwtPresentationConsumerTest,exampleTrustedSdJwtIssuers/0,false,91,2,1,1,0,1,2,3,1,0,0,2,0,0,0,0,0,0,0,0,0,0,0,0,0,0,7,2,0,false
/Users/cameronwiegel/Desktop/project/keycloak/core/src/test/java/org/keycloak/sdjwt/TestSettings.java,org.keycloak.sdjwt.TestSettings,"initVerifierContext/4[org.keycloak.sdjwt.JsonNode,java.lang.String,java.lang.String,java.lang.String]",false,102,3,3,1,2,1,4,5,1,2,4,4,2,3,0,0,0,0,0,0,2,0,0,0,0,0,14,10,0,false
/Users/cameronwiegel/Desktop/project/keycloak/core/src/test/java/org/keycloak/sdjwt/TestSettings.java,org.keycloak.sdjwt.TestSettings,"readEcdsaPublic/3[java.lang.String,java.lang.String,java.lang.String]",false,132,2,2,1,1,2,5,15,1,7,3,5,1,1,0,0,1,0,1,2,7,0,1,0,0,0,30,10,0,false
/Users/cameronwiegel/Desktop/project/keycloak/core/src/test/java/org/keycloak/sdjwt/TestSettings.java,org.keycloak.sdjwt.TestSettings,"getSignatureVerifierContext/3[java.security.PublicKey,java.lang.String,java.lang.String]",false,216,3,2,2,0,1,6,9,1,1,3,6,0,0,0,0,0,0,0,0,1,0,0,0,0,0,16,10,0,false
/Users/cameronwiegel/Desktop/project/keycloak/core/src/test/java/org/keycloak/sdjwt/TestSettings.java,org.keycloak.sdjwt.TestSettings,generateEcdsaKeySpec/1[java.lang.String],false,192,0,0,0,0,2,5,12,1,3,1,5,0,0,0,0,1,1,2,0,3,0,1,0,0,0,19,10,0,false
/Users/cameronwiegel/Desktop/project/keycloak/core/src/test/java/org/keycloak/sdjwt/TestSettings.java,org.keycloak.sdjwt.TestSettings,readKeyPair/1[org.keycloak.sdjwt.JsonNode],false,108,2,3,2,1,1,3,7,1,4,1,3,1,2,0,0,0,0,4,0,4,0,0,0,0,0,16,10,0,false
/Users/cameronwiegel/Desktop/project/keycloak/core/src/test/java/org/keycloak/sdjwt/TestSettings.java,org.keycloak.sdjwt.TestSettings,getIssuerSignerContext/0,false,66,1,3,3,0,1,0,3,1,0,0,0,0,0,0,0,0,0,0,0,0,0,0,0,0,0,7,1,0,false
/Users/cameronwiegel/Desktop/project/keycloak/core/src/test/java/org/keycloak/sdjwt/TestSettings.java,org.keycloak.sdjwt.TestSettings,readPublicKey/1[org.keycloak.sdjwt.JsonNode],false,121,2,2,1,1,2,4,9,1,3,1,4,1,2,0,0,0,0,5,0,4,0,1,0,0,0,15,10,0,false
/Users/cameronwiegel/Desktop/project/keycloak/core/src/test/java/org/keycloak/sdjwt/TestSettings.java,org.keycloak.sdjwt.TestSettings,getHolderVerifierContext/0,false,78,1,2,2,0,1,0,3,1,0,0,0,0,0,0,0,0,0,0,0,0,0,0,0,0,0,6,1,0,false
/Users/cameronwiegel/Desktop/project/keycloak/core/src/test/java/org/keycloak/sdjwt/TestSettings.java,org.keycloak.sdjwt.TestSettings,"getSignatureSignerContext/3[java.security.KeyPair,java.lang.String,java.lang.String]",false,204,3,1,1,0,1,9,10,1,1,3,9,0,0,0,0,0,0,0,0,1,0,0,0,0,0,15,10,0,false
/Users/cameronwiegel/Desktop/project/keycloak/core/src/test/java/org/keycloak/sdjwt/TestSettings.java,org.keycloak.sdjwt.TestSettings,getIssuerVerifierContext/0,false,74,1,2,2,0,1,0,3,1,0,0,0,0,0,0,0,0,0,0,0,0,0,0,0,0,0,6,1,0,false
/Users/cameronwiegel/Desktop/project/keycloak/core/src/test/java/org/keycloak/sdjwt/TestSettings.java,org.keycloak.sdjwt.TestSettings,"readEcdsaKeyPair/4[java.lang.String,java.lang.String,java.lang.String,java.lang.String]",false,157,2,2,1,1,2,6,19,1,11,4,6,1,1,0,0,1,0,1,3,11,0,1,0,0,0,36,10,0,false
/Users/cameronwiegel/Desktop/project/keycloak/core/src/test/java/org/keycloak/sdjwt/TestSettings.java,org.keycloak.sdjwt.TestSettings,curveToSpecName/0,false,228,0,1,1,0,1,1,3,0,0,0,1,0,0,0,0,0,0,2,0,0,0,0,0,0,0,4,26,0,false
/Users/cameronwiegel/Desktop/project/keycloak/core/src/test/java/org/keycloak/sdjwt/TestSettings.java,org.keycloak.sdjwt.TestSettings,TestSettings/0,true,83,3,4,1,3,1,5,8,0,2,0,5,2,5,0,0,0,0,14,0,6,0,0,0,0,0,15,2,0,false
/Users/cameronwiegel/Desktop/project/keycloak/core/src/test/java/org/keycloak/sdjwt/TestSettings.java,org.keycloak.sdjwt.TestSettings,"initSigContext/4[org.keycloak.sdjwt.JsonNode,java.lang.String,java.lang.String,java.lang.String]",false,95,3,3,1,2,1,3,5,1,2,4,3,2,3,0,0,0,0,0,0,2,0,0,0,0,0,15,10,0,false
/Users/cameronwiegel/Desktop/project/keycloak/core/src/test/java/org/keycloak/sdjwt/TestSettings.java,org.keycloak.sdjwt.TestSettings,getECParameterSpec/1[java.lang.String],false,187,0,2,2,0,1,1,3,1,0,1,1,0,0,0,0,0,0,0,0,0,0,0,0,0,0,7,10,0,false
/Users/cameronwiegel/Desktop/project/keycloak/core/src/test/java/org/keycloak/sdjwt/TestSettings.java,org.keycloak.sdjwt.TestSettings,getInstance/0,false,59,1,9,8,1,2,0,6,1,0,0,0,0,0,0,1,0,0,0,0,1,0,1,0,0,0,6,9,0,false
/Users/cameronwiegel/Desktop/project/keycloak/core/src/test/java/org/keycloak/sdjwt/TestSettings.java,org.keycloak.sdjwt.TestSettings,getHolderSignerContext/0,false,70,1,3,3,0,1,0,3,1,0,0,0,0,0,0,0,0,0,0,0,0,0,0,0,0,0,7,1,0,false
/Users/cameronwiegel/Desktop/project/keycloak/core/src/test/java/org/keycloak/sdjwt/TestSettings.java,org.keycloak.sdjwt.TestSettings,(initializer 1),false,232,1,1,0,1,1,1,3,0,0,0,1,1,1,0,0,0,0,0,0,0,0,0,0,0,0,4,8,0,false
/Users/cameronwiegel/Desktop/project/keycloak/core/src/test/java/org/keycloak/sdjwt/TestSettings.java,org.keycloak.sdjwt.TestSettings,"verifierContextFrom/2[org.keycloak.sdjwt.JsonNode,java.lang.String]",false,116,3,5,3,2,1,3,4,1,1,2,3,2,3,0,0,0,0,0,0,1,0,0,0,0,0,15,9,0,false
/Users/cameronwiegel/Desktop/project/keycloak/core/src/test/java/org/keycloak/sdjwt/sdjwtvp/TestCompareSdJwt.java,org.keycloak.sdjwt.sdjwtvp.TestCompareSdJwt,"compareDisclosures/2[org.keycloak.sdjwt.sdjwtvp.SdJwtVP,org.keycloak.sdjwt.sdjwtvp.SdJwtVP]",false,83,2,1,1,0,4,9,15,0,3,2,9,0,0,2,0,0,0,1,0,4,0,3,0,0,0,24,10,0,false
/Users/cameronwiegel/Desktop/project/keycloak/core/src/test/java/org/keycloak/sdjwt/sdjwtvp/TestCompareSdJwt.java,org.keycloak.sdjwt.sdjwtvp.TestCompareSdJwt,"compareIssuerSignedJWT/2[org.keycloak.sdjwt.sdjwtvp.IssuerSignedJWT,org.keycloak.sdjwt.sdjwtvp.IssuerSignedJWT]",false,67,2,2,1,1,1,7,7,0,2,2,7,1,1,0,0,0,0,2,4,2,0,0,0,0,0,18,10,0,false
/Users/cameronwiegel/Desktop/project/keycloak/core/src/test/java/org/keycloak/sdjwt/sdjwtvp/TestCompareSdJwt.java,org.keycloak.sdjwt.sdjwtvp.TestCompareSdJwt,toJsonNode/1[java.lang.String],false,106,1,1,1,0,2,2,8,1,0,1,2,0,0,0,0,1,0,0,0,0,0,1,0,0,0,11,10,0,false
/Users/cameronwiegel/Desktop/project/keycloak/core/src/test/java/org/keycloak/sdjwt/sdjwtvp/TestCompareSdJwt.java,org.keycloak.sdjwt.sdjwtvp.TestCompareSdJwt,"compare/2[org.keycloak.sdjwt.sdjwtvp.SdJwtVP,org.keycloak.sdjwt.sdjwtvp.SdJwtVP]",false,55,2,3,1,2,2,3,9,0,0,2,3,2,2,0,0,1,0,0,0,0,0,1,0,0,0,17,9,0,false
/Users/cameronwiegel/Desktop/project/keycloak/core/src/test/java/org/keycloak/authentication/x509/CertificateIdentityExtractorTest.java,org.keycloak.authentication.x509.CertificateIdentityExtractorTest,testX509SubjectAltName_email/0,false,85,3,1,0,1,1,6,6,0,3,0,6,1,1,0,0,0,0,1,1,3,0,0,0,0,0,26,1,0,false
/Users/cameronwiegel/Desktop/project/keycloak/core/src/test/java/org/keycloak/authentication/x509/CertificateIdentityExtractorTest.java,org.keycloak.authentication.x509.CertificateIdentityExtractorTest,testX509SubjectCommonName/0,false,110,3,1,0,1,1,6,6,0,3,0,6,1,1,0,0,0,0,2,0,3,0,0,0,0,0,25,1,0,false
/Users/cameronwiegel/Desktop/project/keycloak/core/src/test/java/org/keycloak/authentication/x509/CertificateIdentityExtractorTest.java,org.keycloak.authentication.x509.CertificateIdentityExtractorTest,getCertificate/1[java.lang.String],false,95,0,5,5,0,1,5,5,1,2,1,5,0,0,0,0,0,0,0,0,2,0,0,0,0,0,11,2,0,false
/Users/cameronwiegel/Desktop/project/keycloak/core/src/test/java/org/keycloak/authentication/x509/CertificateIdentityExtractorTest.java,org.keycloak.authentication.x509.CertificateIdentityExtractorTest,testX509SubjectAltName_otherName/0,false,74,3,1,0,1,1,6,6,0,3,0,6,1,1,0,0,0,0,1,1,3,0,0,0,0,0,27,1,0,false
/Users/cameronwiegel/Desktop/project/keycloak/core/src/test/java/org/keycloak/authentication/x509/CertificateIdentityExtractorTest.java,org.keycloak.authentication.x509.CertificateIdentityExtractorTest,testExtractsCertInPemFormat/0,false,49,3,1,0,1,1,7,7,0,4,0,7,1,1,0,0,0,0,0,0,4,0,0,0,0,0,29,1,0,false
/Users/cameronwiegel/Desktop/project/keycloak/core/src/test/java/org/keycloak/authentication/x509/CertificateIdentityExtractorTest.java,org.keycloak.authentication.x509.CertificateIdentityExtractorTest,testExtractsCertInSubjectDNFormat/0,false,63,3,1,0,1,1,7,9,1,4,0,7,1,1,0,0,0,0,2,1,3,0,1,0,0,1,29,1,0,false
/Users/cameronwiegel/Desktop/project/keycloak/core/src/test/java/org/keycloak/JsonParserTest.java,org.keycloak.JsonParserTest,testReadOIDCClientRepWithJWKS/0,false,140,2,0,0,0,1,3,5,0,2,0,3,0,0,0,0,0,0,1,0,2,0,0,0,0,0,337,1,0,false
/Users/cameronwiegel/Desktop/project/keycloak/core/src/test/java/org/keycloak/JsonParserTest.java,org.keycloak.JsonParserTest,testReadClientPolicy/0,false,177,5,0,0,0,1,16,17,0,6,0,16,0,0,0,0,0,0,8,5,6,0,0,0,0,0,20,1,0,false
/Users/cameronwiegel/Desktop/project/keycloak/core/src/test/java/org/keycloak/JsonParserTest.java,org.keycloak.JsonParserTest,parseResourceRepresentation/1[java.lang.String],false,170,1,1,1,0,1,2,5,1,2,1,2,0,0,0,0,0,0,0,0,2,0,0,0,0,0,8,2,0,false
/Users/cameronwiegel/Desktop/project/keycloak/core/src/test/java/org/keycloak/JsonParserTest.java,org.keycloak.JsonParserTest,testReadOIDCClientRepWithPairwise/0,false,128,2,0,0,0,1,12,10,0,2,0,12,0,0,0,0,0,0,3,3,2,0,0,0,0,0,15,1,0,false
/Users/cameronwiegel/Desktop/project/keycloak/core/src/test/java/org/keycloak/JsonParserTest.java,org.keycloak.JsonParserTest,"assertClaimValue/4[ClaimsRepresentation.ClaimValue<T>,java.lang.Boolean,T,T[]]",false,228,2,0,0,0,3,8,12,0,1,4,8,0,0,1,1,0,0,0,1,1,0,2,0,0,0,7,2,0,false
/Users/cameronwiegel/Desktop/project/keycloak/core/src/test/java/org/keycloak/JsonParserTest.java,org.keycloak.JsonParserTest,testSub/0,false,102,1,0,0,0,2,7,11,0,3,0,7,0,0,1,0,0,0,2,2,3,1,1,0,0,0,15,1,0,false
/Users/cameronwiegel/Desktop/project/keycloak/core/src/test/java/org/keycloak/JsonParserTest.java,org.keycloak.JsonParserTest,testOtherClaims/0,false,62,2,0,0,0,1,6,8,0,2,0,6,0,0,0,0,0,0,8,0,2,1,0,0,0,0,9,1,0,false
/Users/cameronwiegel/Desktop/project/keycloak/core/src/test/java/org/keycloak/JsonParserTest.java,org.keycloak.JsonParserTest,testReadOIDCClientRep/0,false,116,2,0,0,0,1,12,10,0,2,0,12,0,0,0,0,0,0,3,3,2,0,0,0,0,0,13,1,0,false
/Users/cameronwiegel/Desktop/project/keycloak/core/src/test/java/org/keycloak/JsonParserTest.java,org.keycloak.JsonParserTest,testResourceRepresentationParsing/0,false,148,2,1,0,1,1,8,18,0,2,0,8,1,1,0,0,0,0,14,2,5,0,0,0,0,0,9,1,0,false
/Users/cameronwiegel/Desktop/project/keycloak/core/src/test/java/org/keycloak/JsonParserTest.java,org.keycloak.JsonParserTest,testUnwrap/0,false,75,2,0,0,0,1,13,21,0,3,0,13,0,0,0,0,0,0,17,0,5,3,0,0,0,0,8,1,0,false
/Users/cameronwiegel/Desktop/project/keycloak/core/src/test/java/org/keycloak/JsonParserTest.java,org.keycloak.JsonParserTest,regex/0,false,49,1,0,0,0,3,4,9,0,1,0,4,0,0,0,0,0,0,5,0,1,0,1,0,0,0,4,1,0,false
/Users/cameronwiegel/Desktop/project/keycloak/core/src/test/java/org/keycloak/JsonParserTest.java,org.keycloak.JsonParserTest,testReadClaimsParameter/0,false,198,2,0,0,0,1,12,22,0,6,0,12,0,0,0,0,0,0,14,0,7,0,0,0,0,0,20,1,0,false
/Users/cameronwiegel/Desktop/project/keycloak/core/src/test/java/org/keycloak/sdjwt/UndisclosedClaimTest.java,org.keycloak.sdjwt.UndisclosedClaimTest,setUp/0,false,33,1,0,0,0,1,0,3,0,0,0,0,0,0,0,0,0,0,0,0,1,0,0,0,0,0,4,1,0,false
/Users/cameronwiegel/Desktop/project/keycloak/core/src/test/java/org/keycloak/sdjwt/UndisclosedClaimTest.java,org.keycloak.sdjwt.UndisclosedClaimTest,testToBase64urlEncoded/0,false,43,4,0,0,0,1,8,5,0,2,0,8,0,0,0,0,0,0,4,1,2,0,0,0,0,0,15,1,0,false
/Users/cameronwiegel/Desktop/project/keycloak/core/src/test/java/org/keycloak/sdjwt/UndisclosedClaimTest.java,org.keycloak.sdjwt.UndisclosedClaimTest,tearDown/0,false,38,1,0,0,0,1,0,3,0,0,0,0,0,0,0,0,0,0,0,0,1,0,0,0,0,0,4,1,0,false
/Users/cameronwiegel/Desktop/project/keycloak/core/src/test/java/org/keycloak/sdjwt/SdJwtUtilsTest.java,org.keycloak.sdjwt.SdJwtUtilsTest,testBase64urlEncodedArrayElementNoWhiteSpacedJsonArray/0,false,114,1,0,0,0,1,3,5,0,2,0,3,0,0,0,0,0,0,2,0,2,0,0,0,0,0,13,1,0,false
/Users/cameronwiegel/Desktop/project/keycloak/core/src/test/java/org/keycloak/sdjwt/SdJwtUtilsTest.java,org.keycloak.sdjwt.SdJwtUtilsTest,testBase64urlEncodedArrayElementWhiteSpacedJsonArray/0,false,102,1,0,0,0,1,3,5,0,2,0,3,0,0,0,0,0,0,2,0,2,0,0,0,0,0,12,1,0,false
/Users/cameronwiegel/Desktop/project/keycloak/core/src/test/java/org/keycloak/sdjwt/SdJwtUtilsTest.java,org.keycloak.sdjwt.SdJwtUtilsTest,testBase64urlEncodedObjectWhiteSpacedJsonArray/0,false,69,1,0,0,0,1,3,5,0,2,0,3,0,0,0,0,0,0,2,0,2,0,0,0,0,0,72,1,0,true
/Users/cameronwiegel/Desktop/project/keycloak/core/src/test/java/org/keycloak/sdjwt/SdJwtUtilsTest.java,org.keycloak.sdjwt.SdJwtUtilsTest,testBase64urlEncodedObjectNoWhiteSpacedJsonArray/0,false,88,1,0,0,0,1,3,5,0,2,0,3,0,0,0,0,0,0,2,0,2,0,0,0,0,0,31,1,0,true
/Users/cameronwiegel/Desktop/project/keycloak/core/src/test/java/org/keycloak/sdjwt/SdJwtUtilsTest.java,org.keycloak.sdjwt.SdJwtUtilsTest,testHashDisclosure/0,false,35,2,0,0,0,1,4,5,0,2,0,4,0,0,0,0,0,0,3,0,2,0,0,0,0,0,16,1,0,true
/Users/cameronwiegel/Desktop/project/keycloak/core/src/test/java/org/keycloak/sdjwt/SdJwtUtilsTest.java,org.keycloak.sdjwt.SdJwtUtilsTest,testHashDisclosure2/0,false,46,2,0,0,0,1,4,5,0,2,0,4,0,0,0,0,0,0,3,0,2,0,0,0,0,0,16,1,0,true
/Users/cameronwiegel/Desktop/project/keycloak/core/src/test/java/org/keycloak/rule/RunInThreadRule.java,org.keycloak.rule.RunInThreadRule$RunInThreadStatement$Anonymous1,run/0,false,56,0,0,0,0,2,1,8,0,0,0,1,0,0,0,0,1,0,0,0,1,0,1,0,0,0,3,1,0,false
/Users/cameronwiegel/Desktop/project/keycloak/core/src/test/java/org/keycloak/sdjwt/ArrayElementSerializationTest.java,org.keycloak.sdjwt.ArrayElementSerializationTest,setUp/0,false,33,1,0,0,0,1,0,3,0,0,0,0,0,0,0,0,0,0,0,0,1,0,0,0,0,0,4,1,0,false
/Users/cameronwiegel/Desktop/project/keycloak/core/src/test/java/org/keycloak/sdjwt/ArrayElementSerializationTest.java,org.keycloak.sdjwt.ArrayElementSerializationTest,testToBase64urlEncoded/0,false,43,4,0,0,0,1,6,5,0,2,0,6,0,0,0,0,0,0,3,0,2,0,0,0,0,0,17,1,0,false
/Users/cameronwiegel/Desktop/project/keycloak/core/src/test/java/org/keycloak/sdjwt/ArrayElementSerializationTest.java,org.keycloak.sdjwt.ArrayElementSerializationTest,tearDown/0,false,38,1,0,0,0,1,0,3,0,0,0,0,0,0,0,0,0,0,0,0,1,0,0,0,0,0,4,1,0,false
/Users/cameronwiegel/Desktop/project/keycloak/core/src/test/java/org/keycloak/sdjwt/SdJwtFacadeTest.java,org.keycloak.sdjwt.SdJwtFacadeTest,shouldReturnSdJwtString/0,false,95,2,0,0,0,1,5,6,0,2,0,5,0,0,0,0,0,0,0,0,2,0,0,0,0,0,10,1,0,false
/Users/cameronwiegel/Desktop/project/keycloak/core/src/test/java/org/keycloak/sdjwt/SdJwtFacadeTest.java,org.keycloak.sdjwt.SdJwtFacadeTest,shouldCreateSdJwtSuccessfully/0,false,70,2,0,0,0,1,2,4,0,1,0,2,0,0,0,0,0,0,0,0,1,0,0,0,0,0,9,1,0,false
/Users/cameronwiegel/Desktop/project/keycloak/core/src/test/java/org/keycloak/sdjwt/SdJwtFacadeTest.java,org.keycloak.sdjwt.SdJwtFacadeTest,setUp/0,false,56,5,3,0,3,1,7,6,0,1,0,7,0,0,0,0,0,0,7,0,4,0,0,0,0,0,17,1,0,false
/Users/cameronwiegel/Desktop/project/keycloak/core/src/test/java/org/keycloak/sdjwt/SdJwtFacadeTest.java,org.keycloak.sdjwt.SdJwtFacadeTest,shouldVerifySdJwtSuccessfullyWithValidKeys/0,false,77,6,3,0,3,2,9,12,0,3,0,9,2,1,0,0,1,0,4,0,4,1,1,0,0,0,29,1,0,false
/Users/cameronwiegel/Desktop/project/keycloak/core/src/test/java/org/keycloak/sdjwt/SdJwtFacadeTest.java,org.keycloak.sdjwt.SdJwtFacadeTest,shouldFailVerificationWithInvalidKeys/0,false,105,7,3,0,3,1,11,8,0,4,0,11,2,1,0,0,0,0,4,0,5,0,0,0,0,1,33,1,0,false
/Users/cameronwiegel/Desktop/project/keycloak/core/src/test/java/org/keycloak/sdjwt/SdJwtFacadeTest.java,org.keycloak.sdjwt.SdJwtFacadeTest,"createSignatureVerifierContext/3[java.lang.String,java.lang.String,boolean]",false,122,2,2,2,0,1,0,14,1,0,3,0,0,0,0,0,0,0,0,0,0,0,0,1,0,0,13,2,0,false
/Users/cameronwiegel/Desktop/project/keycloak/core/src/test/java/org/keycloak/sdjwt/SdJwtFacadeTest.java,org.keycloak.sdjwt.SdJwtFacadeTest,createVerificationOptions/0,false,141,1,2,2,0,1,0,3,1,0,0,0,0,0,0,0,0,0,0,0,0,0,0,0,0,0,7,2,0,false
/Users/cameronwiegel/Desktop/project/keycloak/core/src/test/java/org/keycloak/json/StringListMapDeserializerTest.java,org.keycloak.json.StringListMapDeserializerTest,nullValueArray/0,false,81,2,1,0,1,1,8,8,0,2,0,8,1,1,0,0,0,0,4,3,2,0,0,0,0,0,13,1,0,false
/Users/cameronwiegel/Desktop/project/keycloak/core/src/test/java/org/keycloak/json/StringListMapDeserializerTest.java,org.keycloak.json.StringListMapDeserializerTest,nonNullValueArray/0,false,62,2,1,0,1,1,7,7,0,2,0,7,1,1,0,0,0,0,4,2,2,0,0,0,0,0,13,1,0,false
/Users/cameronwiegel/Desktop/project/keycloak/core/src/test/java/org/keycloak/json/StringListMapDeserializerTest.java,org.keycloak.json.StringListMapDeserializerTest,tearDown/0,false,47,1,0,0,0,1,0,3,0,0,0,0,0,0,0,0,0,0,0,0,1,0,0,0,0,0,4,1,0,false
/Users/cameronwiegel/Desktop/project/keycloak/core/src/test/java/org/keycloak/json/StringListMapDeserializerTest.java,org.keycloak.json.StringListMapDeserializerTest,deserialize/1[java.lang.String],false,91,1,5,4,1,1,2,4,1,1,1,2,0,0,0,0,0,0,2,0,1,1,0,0,0,0,11,2,0,false
/Users/cameronwiegel/Desktop/project/keycloak/core/src/test/java/org/keycloak/json/StringListMapDeserializerTest.java,org.keycloak.json.StringListMapDeserializerTest,nonNullValue/0,false,52,2,1,0,1,1,7,7,0,2,0,7,1,1,0,0,0,0,4,2,2,0,0,0,0,0,12,1,0,false
/Users/cameronwiegel/Desktop/project/keycloak/core/src/test/java/org/keycloak/json/StringListMapDeserializerTest.java,org.keycloak.json.StringListMapDeserializerTest,nullValue/0,false,71,2,1,0,1,1,8,7,0,2,0,8,1,1,0,0,0,0,3,2,2,0,0,0,0,0,12,1,0,false
/Users/cameronwiegel/Desktop/project/keycloak/core/src/test/java/org/keycloak/json/StringListMapDeserializerTest.java,org.keycloak.json.StringListMapDeserializerTest,setUp/0,false,42,2,0,0,0,1,0,3,0,0,0,0,0,0,0,0,0,0,0,0,1,0,0,0,0,0,5,1,0,false
/Users/cameronwiegel/Desktop/project/keycloak/core/src/test/java/org/keycloak/sdjwt/TestUtils.java,org.keycloak.sdjwt.TestUtils,"readFileAsString/2[java.lang.Class<?>,java.lang.String]",false,39,0,22,22,0,3,5,13,1,3,2,5,0,0,1,1,1,2,1,0,3,1,2,0,0,0,22,9,0,false
/Users/cameronwiegel/Desktop/project/keycloak/core/src/test/java/org/keycloak/sdjwt/TestUtils.java,org.keycloak.sdjwt.TestUtils,"readClaimSet/2[java.lang.Class<?>,java.lang.String]",false,30,1,19,19,0,2,3,8,1,1,2,3,0,0,0,0,1,0,1,0,1,1,1,0,0,0,17,9,0,false
/Users/cameronwiegel/Desktop/project/keycloak/core/src/test/java/org/keycloak/sdjwt/TestUtils.java,org.keycloak.sdjwt.TestUtils,"splitStringIntoLines/2[java.lang.String,int]",false,53,0,0,0,0,2,5,8,1,3,2,5,0,0,1,0,0,0,1,1,4,1,1,0,0,0,10,9,0,false
/Users/cameronwiegel/Desktop/project/keycloak/core/src/test/java/org/keycloak/sdjwt/consumer/JwtVcMetadataTrustedSdJwtIssuerTest.java,org.keycloak.sdjwt.consumer.JwtVcMetadataTrustedSdJwtIssuerTest,shouldRejectNonHttpsIssuerURIs_EvenIfIssuerBuiltWithRegexPattern/0,false,108,6,2,0,2,1,8,8,0,5,0,8,2,4,0,0,0,0,3,0,5,0,0,0,0,1,42,1,0,false
/Users/cameronwiegel/Desktop/project/keycloak/core/src/test/java/org/keycloak/sdjwt/consumer/JwtVcMetadataTrustedSdJwtIssuerTest.java,org.keycloak.sdjwt.consumer.JwtVcMetadataTrustedSdJwtIssuerTest,shouldFailOnInvalidJwkExposed/0,false,140,3,3,0,3,1,7,7,0,2,0,7,3,4,0,0,0,0,14,0,2,1,0,0,0,0,31,1,0,false
/Users/cameronwiegel/Desktop/project/keycloak/core/src/test/java/org/keycloak/sdjwt/consumer/JwtVcMetadataTrustedSdJwtIssuerTest.java,org.keycloak.sdjwt.consumer.JwtVcMetadataTrustedSdJwtIssuerTest,"exampleIssuerSignedJwt/2[java.lang.String,java.lang.String]",false,370,3,3,2,1,1,6,6,1,2,2,6,0,0,0,0,0,1,1,0,2,0,0,0,0,0,17,2,0,false
/Users/cameronwiegel/Desktop/project/keycloak/core/src/test/java/org/keycloak/sdjwt/consumer/JwtVcMetadataTrustedSdJwtIssuerTest.java,org.keycloak.sdjwt.consumer.JwtVcMetadataTrustedSdJwtIssuerTest,shouldFailOnMissingJwksOnMetadataEndpoint/0,false,220,3,3,0,3,1,6,6,0,2,0,6,3,4,0,0,0,0,3,0,2,0,0,0,0,0,28,1,0,false
/Users/cameronwiegel/Desktop/project/keycloak/core/src/test/java/org/keycloak/sdjwt/consumer/JwtVcMetadataTrustedSdJwtIssuerTest.java,org.keycloak.sdjwt.consumer.JwtVcMetadataTrustedSdJwtIssuerTest,shouldFailOnPublishedJwksWithDuplicateKid/0,false,283,8,3,0,3,2,15,15,0,7,0,15,3,3,1,0,0,1,7,0,7,0,1,0,0,1,46,1,0,false
/Users/cameronwiegel/Desktop/project/keycloak/core/src/test/java/org/keycloak/sdjwt/consumer/JwtVcMetadataTrustedSdJwtIssuerTest.java,org.keycloak.sdjwt.consumer.JwtVcMetadataTrustedSdJwtIssuerTest,exampleIssuerSignedJwtWithIssuer/1[java.lang.String],false,366,2,3,2,1,1,1,3,1,0,1,1,1,1,0,0,0,0,1,0,0,0,0,0,0,0,11,2,0,false
/Users/cameronwiegel/Desktop/project/keycloak/core/src/test/java/org/keycloak/sdjwt/consumer/JwtVcMetadataTrustedSdJwtIssuerTest.java,org.keycloak.sdjwt.consumer.JwtVcMetadataTrustedSdJwtIssuerTest,shouldRejectJwtsWithUnexpectedIssuerClaims/0,false,123,6,2,0,2,1,9,9,0,6,0,9,2,4,0,0,0,0,3,0,6,0,0,0,0,1,36,1,0,false
/Users/cameronwiegel/Desktop/project/keycloak/core/src/test/java/org/keycloak/sdjwt/consumer/JwtVcMetadataTrustedSdJwtIssuerTest.java,org.keycloak.sdjwt.consumer.JwtVcMetadataTrustedSdJwtIssuerTest,mockHttpDataFetcher/0,false,385,3,6,5,1,1,5,6,1,1,0,5,1,2,0,0,0,0,5,0,1,0,0,0,0,0,14,2,0,false
/Users/cameronwiegel/Desktop/project/keycloak/core/src/test/java/org/keycloak/sdjwt/consumer/JwtVcMetadataTrustedSdJwtIssuerTest.java,org.keycloak.sdjwt.consumer.JwtVcMetadataTrustedSdJwtIssuerTest,shouldFailOnMalformedJwksExposed/0,false,197,4,3,0,3,2,7,10,0,3,0,7,3,3,1,0,0,0,7,0,3,0,1,0,0,0,28,1,0,false
/Users/cameronwiegel/Desktop/project/keycloak/core/src/test/java/org/keycloak/sdjwt/consumer/JwtVcMetadataTrustedSdJwtIssuerTest.java,org.keycloak.sdjwt.consumer.JwtVcMetadataTrustedSdJwtIssuerTest,shouldFailOnEmptyPublishedJwkList/0,false,236,4,3,0,3,1,8,8,0,3,0,8,3,3,0,0,0,0,5,0,3,0,0,0,0,0,31,1,0,false
/Users/cameronwiegel/Desktop/project/keycloak/core/src/test/java/org/keycloak/sdjwt/consumer/JwtVcMetadataTrustedSdJwtIssuerTest.java,org.keycloak.sdjwt.consumer.JwtVcMetadataTrustedSdJwtIssuerTest,shouldRejectNonHttpsIssuerURIs/0,false,97,2,0,0,0,1,5,5,0,2,0,5,0,0,0,0,0,0,2,0,2,0,0,0,0,1,31,1,0,false
/Users/cameronwiegel/Desktop/project/keycloak/core/src/test/java/org/keycloak/sdjwt/consumer/JwtVcMetadataTrustedSdJwtIssuerTest.java,org.keycloak.sdjwt.consumer.JwtVcMetadataTrustedSdJwtIssuerTest,"genericTestShouldFail/4[org.keycloak.sdjwt.consumer.IssuerSignedJWT,org.keycloak.sdjwt.consumer.HttpDataFetcher,java.lang.String,java.lang.String]",false,342,5,8,8,0,2,9,8,0,2,4,9,0,0,0,1,0,0,0,0,2,0,1,0,0,1,27,2,0,false
/Users/cameronwiegel/Desktop/project/keycloak/core/src/test/java/org/keycloak/sdjwt/consumer/JwtVcMetadataTrustedSdJwtIssuerTest.java,org.keycloak.sdjwt.consumer.JwtVcMetadataTrustedSdJwtIssuerTest,shouldFailOnUnexpectedIssuerExposed/0,false,166,3,3,0,3,1,5,6,0,2,0,5,3,4,0,0,0,0,4,0,2,0,0,0,0,0,21,1,0,false
/Users/cameronwiegel/Desktop/project/keycloak/core/src/test/java/org/keycloak/sdjwt/consumer/JwtVcMetadataTrustedSdJwtIssuerTest.java,org.keycloak.sdjwt.consumer.JwtVcMetadataTrustedSdJwtIssuerTest,exampleJwks/0,false,377,2,4,3,1,1,3,3,1,0,0,3,0,0,0,0,0,0,1,0,0,0,0,0,0,0,11,2,0,false
/Users/cameronwiegel/Desktop/project/keycloak/core/src/test/java/org/keycloak/sdjwt/consumer/JwtVcMetadataTrustedSdJwtIssuerTest.java,org.keycloak.sdjwt.consumer.JwtVcMetadataTrustedSdJwtIssuerTest,shouldResolveIssuerVerifyingKeys/0,false,54,6,2,0,2,1,5,7,0,4,0,5,2,5,0,0,0,0,1,1,4,0,0,0,0,0,22,1,0,false
/Users/cameronwiegel/Desktop/project/keycloak/core/src/test/java/org/keycloak/sdjwt/consumer/JwtVcMetadataTrustedSdJwtIssuerTest.java,org.keycloak.sdjwt.consumer.JwtVcMetadataTrustedSdJwtIssuerTest,shouldFailOnNoPublishedJwkMatchingJwtKid/0,false,256,5,4,0,4,2,12,13,0,5,0,12,4,2,1,0,0,1,9,0,5,1,1,0,0,0,39,1,0,false
/Users/cameronwiegel/Desktop/project/keycloak/core/src/test/java/org/keycloak/sdjwt/consumer/JwtVcMetadataTrustedSdJwtIssuerTest.java,org.keycloak.sdjwt.consumer.JwtVcMetadataTrustedSdJwtIssuerTest,exampleIssuerSignedJwt/0,false,358,2,10,9,1,1,1,3,1,0,0,1,1,2,0,0,0,0,1,0,0,0,0,0,0,0,8,2,0,false
/Users/cameronwiegel/Desktop/project/keycloak/core/src/test/java/org/keycloak/sdjwt/consumer/JwtVcMetadataTrustedSdJwtIssuerTest.java,org.keycloak.sdjwt.consumer.JwtVcMetadataTrustedSdJwtIssuerTest,"mockHttpDataFetcherWithMetadataAndJwks/3[java.lang.String,org.keycloak.sdjwt.consumer.JsonNode,org.keycloak.sdjwt.consumer.JsonNode]",false,404,3,4,4,0,4,2,17,3,1,3,2,0,0,0,0,0,0,4,0,0,0,2,0,0,1,20,2,0,false
/Users/cameronwiegel/Desktop/project/keycloak/core/src/test/java/org/keycloak/sdjwt/consumer/JwtVcMetadataTrustedSdJwtIssuerTest.java,org.keycloak.sdjwt.consumer.JwtVcMetadataTrustedSdJwtIssuerTest,shouldResolveKeys_WhenIssuerTrustedOnRegexPattern/0,false,68,5,2,0,2,1,4,6,0,3,0,4,2,5,0,0,0,0,1,0,3,0,0,0,0,0,23,1,0,false
/Users/cameronwiegel/Desktop/project/keycloak/core/src/test/java/org/keycloak/sdjwt/consumer/JwtVcMetadataTrustedSdJwtIssuerTest.java,org.keycloak.sdjwt.consumer.JwtVcMetadataTrustedSdJwtIssuerTest,shouldFailOnIOErrorWhileFetchingMetadata/0,false,317,4,3,0,3,1,6,7,0,3,0,6,3,4,0,0,0,0,4,0,3,0,0,0,0,0,34,1,0,false
/Users/cameronwiegel/Desktop/project/keycloak/core/src/test/java/org/keycloak/sdjwt/consumer/JwtVcMetadataTrustedSdJwtIssuerTest.java,org.keycloak.sdjwt.consumer.JwtVcMetadataTrustedSdJwtIssuerTest,exampleIssuerSignedJwt/1[java.lang.String],false,362,2,5,4,1,1,1,3,1,0,1,1,1,1,0,0,0,0,1,0,0,0,0,0,0,0,9,2,0,false
/Users/cameronwiegel/Desktop/project/keycloak/core/src/test/java/org/keycloak/sdjwt/consumer/JwtVcMetadataTrustedSdJwtIssuerTest.java,org.keycloak.sdjwt.consumer.JwtVcMetadataTrustedSdJwtIssuerTest,shouldResolveKeys_WhenJwtSpecifiesKid/0,false,78,6,2,0,2,1,7,8,0,4,0,7,2,4,0,0,0,0,3,2,4,0,0,0,0,0,31,1,0,false
/Users/cameronwiegel/Desktop/project/keycloak/core/src/test/java/org/keycloak/sdjwt/consumer/JwtVcMetadataTrustedSdJwtIssuerTest.java,org.keycloak.sdjwt.consumer.JwtVcMetadataTrustedSdJwtIssuerTest,shouldFailOnMalformedJwtVcMetadataExposed/0,false,181,3,3,0,3,1,6,6,0,2,0,6,3,4,0,0,0,0,4,0,2,0,0,0,0,0,30,1,0,false
/Users/cameronwiegel/Desktop/project/keycloak/core/src/test/java/org/keycloak/sdjwt/consumer/JwtVcMetadataTrustedSdJwtIssuerTest.java,org.keycloak.sdjwt.consumer.JwtVcMetadataTrustedSdJwtIssuerTest,"mockHttpDataFetcherWithMetadata/2[java.lang.String,org.keycloak.sdjwt.consumer.JsonNode]",false,398,3,9,7,2,1,2,3,1,0,2,2,2,1,0,0,0,0,0,0,0,0,0,0,0,0,12,2,0,false
/Users/cameronwiegel/Desktop/project/keycloak/core/src/test/java/org/keycloak/SkeletonKeyTokenTest.java,org.keycloak.SkeletonKeyTokenTest,testTokenWithoutResourceAccess/0,false,123,2,0,0,0,2,11,12,0,2,0,11,0,0,0,1,0,0,5,0,3,0,0,0,0,0,10,1,0,false
/Users/cameronwiegel/Desktop/project/keycloak/core/src/test/java/org/keycloak/SkeletonKeyTokenTest.java,org.keycloak.SkeletonKeyTokenTest,testRSA/0,false,55,5,1,0,1,1,15,12,0,4,0,15,1,1,0,0,0,0,7,0,5,0,0,0,0,0,19,1,0,false
/Users/cameronwiegel/Desktop/project/keycloak/core/src/test/java/org/keycloak/SkeletonKeyTokenTest.java,org.keycloak.SkeletonKeyTokenTest,testSerialization/0,false,75,8,1,0,1,1,25,31,0,12,0,25,1,1,0,0,0,0,12,0,16,1,0,0,0,0,39,1,0,false
/Users/cameronwiegel/Desktop/project/keycloak/core/src/test/java/org/keycloak/SkeletonKeyTokenTest.java,org.keycloak.SkeletonKeyTokenTest,testToken/0,false,42,3,1,0,1,1,9,9,0,3,0,9,1,1,0,0,0,0,3,0,4,0,0,0,0,0,9,1,0,false
/Users/cameronwiegel/Desktop/project/keycloak/core/src/test/java/org/keycloak/SkeletonKeyTokenTest.java,org.keycloak.SkeletonKeyTokenTest,testZipException/0,false,152,2,0,0,0,1,0,4,0,2,0,0,0,0,0,0,0,0,1,0,2,0,0,0,0,0,10,1,0,false
/Users/cameronwiegel/Desktop/project/keycloak/core/src/test/java/org/keycloak/SkeletonKeyTokenTest.java,org.keycloak.SkeletonKeyTokenTest,createSimpleToken/0,false,142,1,3,3,0,1,4,8,1,1,0,4,0,0,0,0,0,0,6,0,1,0,0,0,0,0,6,2,0,false
/Users/cameronwiegel/Desktop/project/keycloak/core/src/test/java/org/keycloak/sdjwt/sdjwtvp/SdJwtVPTest.java,org.keycloak.sdjwt.sdjwtvp.SdJwtVPTest,testS7_3_VerifyIssuerSignaturePositive/0,false,131,4,3,0,3,1,7,5,0,2,0,7,0,0,0,0,0,0,1,0,2,0,0,0,0,0,18,1,0,false
/Users/cameronwiegel/Desktop/project/keycloak/core/src/test/java/org/keycloak/sdjwt/sdjwtvp/SdJwtVPTest.java,org.keycloak.sdjwt.sdjwtvp.SdJwtVPTest,testS6_2_PresentationPartialDisclosure/0,false,184,5,5,0,5,1,15,10,0,6,0,15,0,0,0,0,0,0,5,0,6,0,0,0,0,0,30,1,0,false
/Users/cameronwiegel/Desktop/project/keycloak/core/src/test/java/org/keycloak/sdjwt/sdjwtvp/SdJwtVPTest.java,org.keycloak.sdjwt.sdjwtvp.SdJwtVPTest,testIssuerSignedJWTWithUndiclosedClaims6_1/0,false,92,3,1,0,1,1,7,6,0,2,0,7,0,0,0,0,0,0,1,2,2,0,0,0,0,0,21,1,0,false
/Users/cameronwiegel/Desktop/project/keycloak/core/src/test/java/org/keycloak/sdjwt/sdjwtvp/SdJwtVPTest.java,org.keycloak.sdjwt.sdjwtvp.SdJwtVPTest,testA1_Example2_with_nested_disclosure_and_decoy_claims/0,false,101,3,1,0,1,1,8,7,0,2,0,8,0,0,0,0,0,0,1,3,2,0,0,0,0,0,20,1,0,false
/Users/cameronwiegel/Desktop/project/keycloak/core/src/test/java/org/keycloak/sdjwt/sdjwtvp/SdJwtVPTest.java,org.keycloak.sdjwt.sdjwtvp.SdJwtVPTest,testS7_3_VerifyIssuerSignatureNegative/0,false,138,5,3,0,3,1,7,5,0,2,0,7,0,0,0,0,0,0,1,0,2,0,0,0,0,0,19,1,0,false
/Users/cameronwiegel/Desktop/project/keycloak/core/src/test/java/org/keycloak/sdjwt/sdjwtvp/SdJwtVPTest.java,org.keycloak.sdjwt.sdjwtvp.SdJwtVPTest,testS7_3_RecursiveDisclosureOfStructuredSdJwt/0,false,111,3,1,0,1,1,8,7,0,2,0,8,0,0,0,0,0,0,1,3,2,0,0,0,0,0,18,1,0,false
/Users/cameronwiegel/Desktop/project/keycloak/core/src/test/java/org/keycloak/sdjwt/sdjwtvp/SdJwtVPTest.java,org.keycloak.sdjwt.sdjwtvp.SdJwtVPTest,testS6_2_PresentationNegative/0,false,165,6,6,0,6,1,15,11,0,6,0,15,0,0,0,0,0,0,4,0,6,0,0,0,0,0,30,1,0,false
/Users/cameronwiegel/Desktop/project/keycloak/core/src/test/java/org/keycloak/sdjwt/sdjwtvp/SdJwtVPTest.java,org.keycloak.sdjwt.sdjwtvp.SdJwtVPTest,testOf_validInput/0,false,203,3,1,0,1,1,7,6,0,2,0,7,0,0,0,0,0,0,1,1,2,0,0,0,0,0,17,1,0,false
/Users/cameronwiegel/Desktop/project/keycloak/core/src/test/java/org/keycloak/sdjwt/sdjwtvp/SdJwtVPTest.java,org.keycloak.sdjwt.sdjwtvp.SdJwtVPTest,testS6_2_PresentationPositive/0,false,145,5,6,0,6,1,15,11,0,6,0,15,0,0,0,0,0,0,4,0,6,0,0,0,0,0,29,1,0,false
/Users/cameronwiegel/Desktop/project/keycloak/core/src/test/java/org/keycloak/sdjwt/sdjwtvp/SdJwtVPTest.java,org.keycloak.sdjwt.sdjwtvp.SdJwtVPTest,testOf_MalformedSdJwt_ThrowsIllegalArgumentException/0,false,212,1,0,0,0,1,4,5,0,2,0,4,0,0,0,0,0,0,2,0,2,0,0,0,0,1,23,1,0,false
/Users/cameronwiegel/Desktop/project/keycloak/core/src/test/java/org/keycloak/sdjwt/sdjwtvp/SdJwtVPTest.java,org.keycloak.sdjwt.sdjwtvp.SdJwtVPTest,testS7_3_GhostDisclosures/0,false,121,3,1,0,1,1,8,7,0,2,0,8,0,0,0,0,0,0,1,3,2,0,0,0,0,0,17,1,0,false
/Users/cameronwiegel/Desktop/project/keycloak/core/src/test/java/org/keycloak/sdjwt/sdjwtvp/SdJwtVPTest.java,org.keycloak.sdjwt.sdjwtvp.SdJwtVPTest,testIssuerSignedJWTWithUndiclosedClaims3_3/0,false,48,10,5,0,5,1,18,15,0,10,0,18,0,0,0,0,0,1,22,0,10,0,0,0,0,0,35,1,0,false
/Users/cameronwiegel/Desktop/project/keycloak/core/src/test/java/org/keycloak/AtHashTest.java,org.keycloak.AtHashTest,testAtHashEs/0,false,39,2,1,0,1,1,1,4,0,0,0,1,1,1,0,0,0,0,4,0,0,0,0,0,0,0,12,1,0,false
/Users/cameronwiegel/Desktop/project/keycloak/core/src/test/java/org/keycloak/AtHashTest.java,org.keycloak.AtHashTest,"verifyHash/3[java.lang.String,java.lang.String,java.lang.String]",false,44,0,2,2,0,1,2,4,0,1,3,2,0,0,0,0,0,0,0,0,1,0,0,0,0,0,5,2,0,false
/Users/cameronwiegel/Desktop/project/keycloak/core/src/test/java/org/keycloak/AtHashTest.java,org.keycloak.AtHashTest,testAtHashRsa/0,false,33,2,1,0,1,1,1,4,0,0,0,1,1,1,0,0,0,0,4,0,0,0,0,0,0,0,12,1,0,false
/Users/cameronwiegel/Desktop/project/keycloak/core/src/test/java/org/keycloak/jose/JsonWebTokenTest.java,org.keycloak.jose.JsonWebTokenTest,test/0,false,70,2,0,0,0,1,4,5,0,1,0,4,0,0,0,0,0,0,2,0,1,0,0,0,0,0,10,1,0,false
/Users/cameronwiegel/Desktop/project/keycloak/core/src/test/java/org/keycloak/jose/JsonWebTokenTest.java,org.keycloak.jose.JsonWebTokenTest,testArray/0,false,77,2,0,0,0,1,4,5,0,1,0,4,0,0,0,0,0,0,3,0,1,0,0,0,0,0,11,1,0,false
/Users/cameronwiegel/Desktop/project/keycloak/core/src/test/java/org/keycloak/jose/JsonWebTokenTest.java,org.keycloak.jose.JsonWebTokenTest,isActiveReturnFalseWhenBeforeTimeInFuture/0,false,84,2,0,0,0,1,4,7,0,3,0,4,0,0,0,0,0,0,0,1,3,1,0,0,0,0,16,1,0,false
/Users/cameronwiegel/Desktop/project/keycloak/core/src/test/java/org/keycloak/jose/JsonWebTokenTest.java,org.keycloak.jose.JsonWebTokenTest,isActiveShouldReturnFalseWhenWhenBeforeTimeInFutureOutsideTimeSkew/0,false,111,2,0,0,0,1,4,7,0,3,0,4,0,0,0,0,0,0,0,2,3,1,0,0,0,0,20,1,0,false
/Users/cameronwiegel/Desktop/project/keycloak/core/src/test/java/org/keycloak/jose/JsonWebTokenTest.java,org.keycloak.jose.JsonWebTokenTest,testAudSingle/0,false,37,2,0,0,0,1,3,5,0,2,0,3,0,0,0,0,0,0,2,0,2,0,0,0,0,0,14,1,0,false
/Users/cameronwiegel/Desktop/project/keycloak/core/src/test/java/org/keycloak/jose/JsonWebTokenTest.java,org.keycloak.jose.JsonWebTokenTest,testAddAudience/0,false,51,2,0,0,0,1,3,11,0,1,0,3,0,0,0,0,0,0,13,0,1,0,0,0,0,0,10,1,0,false
/Users/cameronwiegel/Desktop/project/keycloak/core/src/test/java/org/keycloak/jose/JsonWebTokenTest.java,org.keycloak.jose.JsonWebTokenTest,isActiveReturnTrueWhenBeforeTimeInPast/0,false,93,2,0,0,0,1,4,7,0,3,0,4,0,0,0,0,0,0,0,1,3,1,0,0,0,0,16,1,0,false
/Users/cameronwiegel/Desktop/project/keycloak/core/src/test/java/org/keycloak/jose/JsonWebTokenTest.java,org.keycloak.jose.JsonWebTokenTest,isActiveShouldReturnTrueWhenBeforeTimeInFutureWithinTimeSkew/0,false,102,2,0,0,0,1,4,7,0,3,0,4,0,0,0,0,0,0,0,2,3,1,0,0,0,0,20,1,0,false
/Users/cameronwiegel/Desktop/project/keycloak/core/src/test/java/org/keycloak/jose/JsonWebTokenTest.java,org.keycloak.jose.JsonWebTokenTest,testAudArray/0,false,44,2,0,0,0,1,3,5,0,2,0,3,0,0,0,0,0,0,2,0,2,0,0,0,0,0,13,1,0,false
/Users/cameronwiegel/Desktop/project/keycloak/core/src/test/java/org/keycloak/sdjwt/JsonNodeComparisonTest.java,org.keycloak.sdjwt.JsonNodeComparisonTest,testJsonNodeEquality/0,false,31,3,0,0,0,1,2,6,0,3,0,2,0,0,0,0,0,0,3,0,3,0,0,0,0,0,15,1,0,false
/Users/cameronwiegel/Desktop/project/keycloak/core/src/test/java/org/keycloak/RSAVerifierTest.java,org.keycloak.RSAVerifierTest,testNotBeforeBad/0,false,171,4,1,0,1,2,9,12,0,2,0,9,1,1,0,0,1,0,0,1,3,1,1,0,0,0,22,1,0,false
/Users/cameronwiegel/Desktop/project/keycloak/core/src/test/java/org/keycloak/RSAVerifierTest.java,org.keycloak.RSAVerifierTest,testVerificationWithAddedX5cAndJwk/0,false,89,6,1,0,1,1,28,16,0,7,0,28,1,1,0,0,0,0,6,3,7,0,0,0,0,0,27,1,0,false
/Users/cameronwiegel/Desktop/project/keycloak/core/src/test/java/org/keycloak/RSAVerifierTest.java,org.keycloak.RSAVerifierTest,initTest/0,false,68,2,0,0,0,1,5,4,0,0,0,5,0,0,0,0,0,0,4,0,1,0,0,0,0,0,6,1,0,false
/Users/cameronwiegel/Desktop/project/keycloak/core/src/test/java/org/keycloak/RSAVerifierTest.java,org.keycloak.RSAVerifierTest,testNotBeforeGood/0,false,155,5,1,0,1,2,6,11,0,2,0,6,1,1,0,0,1,0,0,1,3,1,1,0,0,0,22,1,0,false
/Users/cameronwiegel/Desktop/project/keycloak/core/src/test/java/org/keycloak/RSAVerifierTest.java,org.keycloak.RSAVerifierTest,testBadSignature/0,false,140,4,1,0,1,2,5,10,0,2,0,5,1,1,0,0,1,0,0,0,3,0,1,0,0,0,19,1,0,false
/Users/cameronwiegel/Desktop/project/keycloak/core/src/test/java/org/keycloak/RSAVerifierTest.java,org.keycloak.RSAVerifierTest,testSpeed/0,false,121,3,1,0,1,2,7,11,0,6,0,7,1,1,1,0,0,0,1,2,6,2,1,0,0,0,18,1,0,false
/Users/cameronwiegel/Desktop/project/keycloak/core/src/test/java/org/keycloak/RSAVerifierTest.java,org.keycloak.RSAVerifierTest,testExpirationGood/0,false,188,5,1,0,1,2,6,11,0,2,0,6,1,1,0,0,1,0,0,1,3,1,1,0,0,0,21,1,0,false
/Users/cameronwiegel/Desktop/project/keycloak/core/src/test/java/org/keycloak/RSAVerifierTest.java,org.keycloak.RSAVerifierTest,testAudience/0,false,242,3,1,0,1,3,8,21,0,1,0,8,1,1,0,0,2,0,5,0,1,0,1,0,0,0,12,1,0,false
/Users/cameronwiegel/Desktop/project/keycloak/core/src/test/java/org/keycloak/RSAVerifierTest.java,org.keycloak.RSAVerifierTest,testTokenAuth/0,false,220,4,1,0,1,2,13,14,0,2,0,13,1,1,0,0,1,0,6,0,4,1,1,0,0,0,21,1,0,false
/Users/cameronwiegel/Desktop/project/keycloak/core/src/test/java/org/keycloak/RSAVerifierTest.java,org.keycloak.RSAVerifierTest,setupCerts/0,false,61,1,0,0,0,1,2,4,0,0,0,2,0,0,0,0,0,0,2,0,2,0,0,0,0,0,6,9,0,false
/Users/cameronwiegel/Desktop/project/keycloak/core/src/test/java/org/keycloak/RSAVerifierTest.java,org.keycloak.RSAVerifierTest,verifySkeletonKeyToken/1[java.lang.String],false,116,1,9,9,0,1,2,3,1,0,1,2,0,0,0,0,0,0,1,0,0,0,0,0,0,0,9,2,0,false
/Users/cameronwiegel/Desktop/project/keycloak/core/src/test/java/org/keycloak/RSAVerifierTest.java,org.keycloak.RSAVerifierTest,testExpirationBad/0,false,204,4,1,0,1,2,7,11,0,2,0,7,1,1,0,0,1,0,0,1,3,1,1,0,0,0,21,1,0,false
/Users/cameronwiegel/Desktop/project/keycloak/core/src/test/java/org/keycloak/RSAVerifierTest.java,org.keycloak.RSAVerifierTest,"verifyAudience/2[java.lang.String,java.lang.String]",false,268,1,1,1,0,1,6,3,0,0,2,6,0,0,0,0,0,0,1,0,0,0,0,0,0,0,6,2,0,false
/Users/cameronwiegel/Desktop/project/keycloak/core/src/test/java/org/keycloak/RSAVerifierTest.java,org.keycloak.RSAVerifierTest,testSimpleVerification/0,false,78,4,1,0,1,1,12,7,0,2,0,12,1,1,0,0,0,0,4,0,2,1,0,0,0,0,15,1,0,false
/Users/cameronwiegel/Desktop/project/keycloak/core/src/test/java/org/keycloak/sdjwt/SdJwtVerificationTest.java,org.keycloak.sdjwt.SdJwtVerificationTest,sdJwtVerificationShouldFail_WithWrongVerifier/0,false,137,4,1,0,1,1,9,5,0,2,0,9,1,1,0,0,0,0,1,0,2,0,0,0,0,1,24,1,0,false
/Users/cameronwiegel/Desktop/project/keycloak/core/src/test/java/org/keycloak/sdjwt/SdJwtVerificationTest.java,org.keycloak.sdjwt.SdJwtVerificationTest,sdJwtVerificationShouldFail_IfNbfInvalid/0,false,249,5,1,0,1,2,20,13,0,5,0,20,1,1,1,0,0,0,7,1,5,1,1,0,0,1,33,1,0,false
/Users/cameronwiegel/Desktop/project/keycloak/core/src/test/java/org/keycloak/sdjwt/SdJwtVerificationTest.java,org.keycloak.sdjwt.SdJwtVerificationTest,sdJwtVerificationShouldFail_IfExpired/0,false,151,5,1,0,1,2,20,13,0,5,0,20,1,1,1,0,0,0,7,1,5,1,1,0,0,1,31,1,0,false
/Users/cameronwiegel/Desktop/project/keycloak/core/src/test/java/org/keycloak/sdjwt/SdJwtVerificationTest.java,org.keycloak.sdjwt.SdJwtVerificationTest,sdJwtVerificationShouldFail_OnInsecureHashAlg/0,false,120,4,1,0,1,1,9,5,0,2,0,9,1,1,0,0,0,0,2,0,2,0,0,0,0,1,27,1,0,false
/Users/cameronwiegel/Desktop/project/keycloak/core/src/test/java/org/keycloak/sdjwt/SdJwtVerificationTest.java,org.keycloak.sdjwt.SdJwtVerificationTest,sdJwtVerificationShouldFail_IfExpired_CaseExpInvalid/0,false,183,6,1,0,1,2,15,15,0,6,0,15,1,1,1,0,0,0,10,0,6,0,1,0,0,1,40,1,0,false
/Users/cameronwiegel/Desktop/project/keycloak/core/src/test/java/org/keycloak/sdjwt/SdJwtVerificationTest.java,org.keycloak.sdjwt.SdJwtVerificationTest,defaultIssuerSignedJwtVerificationOpts/0,false,371,1,5,5,0,1,4,3,1,0,0,4,0,0,0,0,0,0,0,0,0,0,0,0,0,0,7,2,0,false
/Users/cameronwiegel/Desktop/project/keycloak/core/src/test/java/org/keycloak/sdjwt/SdJwtVerificationTest.java,org.keycloak.sdjwt.SdJwtVerificationTest,sdJwtVerificationShouldFail_IfIssuedInTheFuture/0,false,217,5,1,0,1,2,20,13,0,5,0,20,1,1,1,0,0,0,7,1,5,1,1,0,0,1,36,1,0,false
/Users/cameronwiegel/Desktop/project/keycloak/core/src/test/java/org/keycloak/sdjwt/SdJwtVerificationTest.java,org.keycloak.sdjwt.SdJwtVerificationTest,settingsTest/0,false,55,2,0,0,0,1,1,4,0,1,0,1,0,0,0,0,0,0,0,0,1,0,0,0,0,0,9,1,0,false
/Users/cameronwiegel/Desktop/project/keycloak/core/src/test/java/org/keycloak/sdjwt/SdJwtVerificationTest.java,org.keycloak.sdjwt.SdJwtVerificationTest,testSdJwtVerification_EnforceIdempotence/0,false,75,3,3,0,3,1,5,5,0,1,0,5,3,1,0,0,0,0,0,0,1,0,0,0,0,0,16,1,0,false
/Users/cameronwiegel/Desktop/project/keycloak/core/src/test/java/org/keycloak/sdjwt/SdJwtVerificationTest.java,org.keycloak.sdjwt.SdJwtVerificationTest,testSdJwtVerification_SdJwtWithUndisclosedNestedFields/0,false,90,3,3,0,3,1,5,4,0,1,0,5,3,2,0,0,0,0,0,0,1,0,0,0,0,0,17,1,0,false
/Users/cameronwiegel/Desktop/project/keycloak/core/src/test/java/org/keycloak/sdjwt/SdJwtVerificationTest.java,org.keycloak.sdjwt.SdJwtVerificationTest,testSdJwtVerification_FlatSdJwt/0,false,61,3,3,0,3,2,7,6,0,1,0,7,3,1,1,0,0,0,3,0,1,0,1,0,0,0,16,1,0,false
/Users/cameronwiegel/Desktop/project/keycloak/core/src/test/java/org/keycloak/sdjwt/SdJwtVerificationTest.java,org.keycloak.sdjwt.SdJwtVerificationTest,sdJwtVerificationShouldFail_IfDuplicateSaltValue/0,false,344,5,1,0,1,1,12,9,0,4,0,12,1,1,0,0,0,0,8,0,4,1,0,0,0,1,30,1,0,false
/Users/cameronwiegel/Desktop/project/keycloak/core/src/test/java/org/keycloak/sdjwt/SdJwtVerificationTest.java,org.keycloak.sdjwt.SdJwtVerificationTest,sdJwtVerificationShouldFail_IfSdArrayElementIsNotString/0,false,281,5,1,0,1,1,13,8,0,3,0,13,1,1,0,0,0,0,5,0,3,0,0,0,0,1,36,1,0,false
/Users/cameronwiegel/Desktop/project/keycloak/core/src/test/java/org/keycloak/sdjwt/SdJwtVerificationTest.java,org.keycloak.sdjwt.SdJwtVerificationTest,exampleSdJwtWithUndisclosedNestedFieldsV1/0,false,423,5,2,1,1,1,12,11,1,3,0,12,1,1,0,0,0,0,15,0,3,0,0,0,0,0,23,2,0,false
/Users/cameronwiegel/Desktop/project/keycloak/core/src/test/java/org/keycloak/sdjwt/SdJwtVerificationTest.java,org.keycloak.sdjwt.SdJwtVerificationTest,defaultIssuerVerifyingKeys/0,false,367,1,5,5,0,1,1,3,1,0,0,1,0,0,0,0,0,0,0,0,0,0,0,0,0,0,4,2,0,false
/Users/cameronwiegel/Desktop/project/keycloak/core/src/test/java/org/keycloak/sdjwt/SdJwtVerificationTest.java,org.keycloak.sdjwt.SdJwtVerificationTest,testSdJwtVerification_RecursiveSdJwt/0,false,110,3,3,0,3,1,5,4,0,1,0,5,3,2,0,0,0,0,0,0,1,0,0,0,0,0,14,1,0,false
/Users/cameronwiegel/Desktop/project/keycloak/core/src/test/java/org/keycloak/sdjwt/SdJwtVerificationTest.java,org.keycloak.sdjwt.SdJwtVerificationTest,exampleAddrSdJwt/0,false,405,3,2,2,0,1,8,8,1,2,0,8,0,0,0,0,0,0,11,0,2,0,0,0,0,0,13,2,0,false
/Users/cameronwiegel/Desktop/project/keycloak/core/src/test/java/org/keycloak/sdjwt/SdJwtVerificationTest.java,org.keycloak.sdjwt.SdJwtVerificationTest,exampleSdJwtWithUndisclosedArrayElementsV1/0,false,446,3,1,1,0,1,12,10,1,2,0,12,0,0,0,0,0,0,20,2,2,0,0,0,0,0,21,2,0,false
/Users/cameronwiegel/Desktop/project/keycloak/core/src/test/java/org/keycloak/sdjwt/SdJwtVerificationTest.java,org.keycloak.sdjwt.SdJwtVerificationTest,"exampleFlatSdJwtV2/2[org.keycloak.sdjwt.ObjectNode,org.keycloak.sdjwt.DisclosureSpec]",false,398,3,8,8,0,1,4,3,1,0,2,4,0,0,0,0,0,0,0,0,0,0,0,0,0,0,11,2,0,false
/Users/cameronwiegel/Desktop/project/keycloak/core/src/test/java/org/keycloak/sdjwt/SdJwtVerificationTest.java,org.keycloak.sdjwt.SdJwtVerificationTest,sdJwtVerificationShouldFail_IfForbiddenClaimNames/0,false,300,5,1,0,1,2,13,9,0,3,0,13,1,1,1,0,0,0,5,0,3,0,1,0,0,1,34,1,0,false
/Users/cameronwiegel/Desktop/project/keycloak/core/src/test/java/org/keycloak/sdjwt/SdJwtVerificationTest.java,org.keycloak.sdjwt.SdJwtVerificationTest,exampleFlatSdJwtV1/0,false,378,3,4,4,0,1,9,9,1,2,0,9,0,0,0,0,0,0,15,0,2,0,0,0,0,0,15,2,0,false
/Users/cameronwiegel/Desktop/project/keycloak/core/src/test/java/org/keycloak/sdjwt/SdJwtVerificationTest.java,org.keycloak.sdjwt.SdJwtVerificationTest,testSdJwtVerification_SdJwtWithUndisclosedArrayElements/0,false,100,3,3,0,3,1,5,4,0,1,0,5,3,1,0,0,0,0,0,0,1,0,0,0,0,0,17,1,0,false
/Users/cameronwiegel/Desktop/project/keycloak/core/src/test/java/org/keycloak/sdjwt/SdJwtVerificationTest.java,org.keycloak.sdjwt.SdJwtVerificationTest,sdJwtVerificationShouldFail_IfDuplicateDigestValue/0,false,322,5,1,0,1,1,14,7,0,3,0,14,1,1,0,0,0,0,7,0,3,0,0,0,0,1,32,1,0,false
/Users/cameronwiegel/Desktop/project/keycloak/core/src/test/java/org/keycloak/sdjwt/SdJwtVerificationTest.java,org.keycloak.sdjwt.SdJwtVerificationTest,exampleRecursiveSdJwtV1/0,false,468,5,2,1,1,1,12,11,1,3,0,12,1,1,0,0,0,0,17,0,3,0,0,0,0,0,20,2,0,false
/Users/cameronwiegel/Desktop/project/keycloak/core/src/test/java/org/keycloak/rule/RunInThreadRule.java,org.keycloak.rule.RunInThreadRule,"apply/2[org.keycloak.rule.Statement,org.keycloak.rule.Description]",false,24,3,1,0,1,1,0,5,1,1,2,0,0,0,0,0,0,0,0,0,2,0,0,0,0,0,8,1,0,false
/Users/cameronwiegel/Desktop/project/keycloak/core/src/test/java/org/keycloak/util/BasicAuthHelperTest.java,org.keycloak.util.BasicAuthHelperTest,rfc6749_createHeader/0,false,32,1,0,0,0,1,2,7,0,4,0,2,0,0,0,0,0,0,3,0,4,0,0,0,0,0,34,1,0,false
/Users/cameronwiegel/Desktop/project/keycloak/core/src/test/java/org/keycloak/util/BasicAuthHelperTest.java,org.keycloak.util.BasicAuthHelperTest,createHeader/0,false,10,1,0,0,0,1,2,7,0,4,0,2,0,0,0,0,0,0,3,0,4,0,0,0,0,0,31,1,0,false
/Users/cameronwiegel/Desktop/project/keycloak/core/src/test/java/org/keycloak/util/BasicAuthHelperTest.java,org.keycloak.util.BasicAuthHelperTest,rfc6749_parseHeader/0,false,43,1,0,0,0,1,3,7,0,4,0,3,0,0,0,0,0,0,2,0,4,0,0,0,0,0,11,1,0,false
/Users/cameronwiegel/Desktop/project/keycloak/core/src/test/java/org/keycloak/util/BasicAuthHelperTest.java,org.keycloak.util.BasicAuthHelperTest,parseHeader/0,false,21,1,0,0,0,1,3,7,0,4,0,3,0,0,0,0,0,0,2,0,4,0,0,0,0,0,10,1,0,false
/Users/cameronwiegel/Desktop/project/keycloak/core/src/test/java/org/keycloak/jose/JWETest.java,org.keycloak.jose.JWETest,testDirect_Aes256CbcHmacSha512/0,false,74,3,1,0,1,1,1,5,0,2,0,1,1,1,0,0,0,0,2,0,2,0,0,0,0,0,16,1,0,false
/Users/cameronwiegel/Desktop/project/keycloak/core/src/test/java/org/keycloak/jose/JWETest.java,org.keycloak.jose.JWETest,externalJweAes256CbcHmacSha512Test/0,false,203,3,0,0,0,1,7,11,0,5,0,7,0,0,0,0,0,0,4,0,5,1,0,0,0,0,73,1,0,false
/Users/cameronwiegel/Desktop/project/keycloak/core/src/test/java/org/keycloak/jose/JWETest.java,org.keycloak.jose.JWETest,testRSAOAEP256_A128GCM/0,false,254,2,1,0,1,1,1,3,0,0,0,1,1,1,0,0,0,0,0,0,0,0,0,0,0,0,18,1,0,false
/Users/cameronwiegel/Desktop/project/keycloak/core/src/test/java/org/keycloak/jose/JWETest.java,org.keycloak.jose.JWETest,testRSA1_5_A128CBCHS256/0,false,259,2,1,0,1,1,1,3,0,0,0,1,1,1,0,0,0,0,0,0,0,0,0,0,0,0,18,1,0,false
/Users/cameronwiegel/Desktop/project/keycloak/core/src/test/java/org/keycloak/jose/JWETest.java,org.keycloak.jose.JWETest,testPerfDirect/0,false,114,3,1,0,1,2,3,13,0,8,0,3,1,1,1,0,0,0,4,2,8,3,1,0,0,0,25,1,0,false
/Users/cameronwiegel/Desktop/project/keycloak/core/src/test/java/org/keycloak/jose/JWETest.java,org.keycloak.jose.JWETest,"testDirectEncryptAndDecrypt/5[java.security.Key,java.security.Key,java.lang.String,java.lang.String,boolean]",false,82,2,3,3,0,2,11,15,0,4,5,11,0,0,0,0,0,0,2,0,5,2,1,0,0,0,17,4,0,false
/Users/cameronwiegel/Desktop/project/keycloak/core/src/test/java/org/keycloak/jose/JWETest.java,org.keycloak.jose.JWETest,testRSAOAEP_A128CBCHS256/0,false,264,2,1,0,1,1,1,3,0,0,0,1,1,1,0,0,0,0,0,0,0,0,0,0,0,0,20,1,0,false
/Users/cameronwiegel/Desktop/project/keycloak/core/src/test/java/org/keycloak/jose/JWETest.java,org.keycloak.jose.JWETest,testRSAOAEP_A128GCM/0,false,249,2,1,0,1,1,1,3,0,0,0,1,1,1,0,0,0,0,0,0,0,0,0,0,0,0,18,1,0,false
/Users/cameronwiegel/Desktop/project/keycloak/core/src/test/java/org/keycloak/jose/JWETest.java,org.keycloak.jose.JWETest,testAesKW_Aes128CbcHmacSha256/0,false,138,2,1,0,1,1,1,4,0,1,0,1,1,1,0,0,0,0,1,0,1,0,0,0,0,0,14,1,0,false
/Users/cameronwiegel/Desktop/project/keycloak/core/src/test/java/org/keycloak/jose/JWETest.java,org.keycloak.jose.JWETest,testRSAOAEP256_A128CBCHS256/0,false,269,2,1,0,1,1,1,3,0,0,0,1,1,1,0,0,0,0,0,0,0,0,0,0,0,0,20,1,0,false
/Users/cameronwiegel/Desktop/project/keycloak/core/src/test/java/org/keycloak/jose/JWETest.java,org.keycloak.jose.JWETest,"testKeyEncryption_ContentEncryptionAesHmacSha/2[java.lang.String,java.lang.String]",false,302,5,3,3,0,1,18,22,0,9,2,18,0,0,0,0,0,0,6,1,10,4,0,0,0,0,27,2,0,false
/Users/cameronwiegel/Desktop/project/keycloak/core/src/test/java/org/keycloak/jose/JWETest.java,org.keycloak.jose.JWETest,testSalt/0,false,170,2,0,0,0,2,3,7,0,1,0,3,0,0,1,0,0,0,3,1,1,1,1,0,0,0,4,1,0,false
/Users/cameronwiegel/Desktop/project/keycloak/core/src/test/java/org/keycloak/jose/JWETest.java,org.keycloak.jose.JWETest,testAesKW_Aes128CbcHmacSha256/1[javax.crypto.SecretKey],false,144,2,1,1,0,1,12,13,0,4,1,12,0,0,0,0,0,0,2,0,5,2,0,0,0,0,21,2,0,false
/Users/cameronwiegel/Desktop/project/keycloak/core/src/test/java/org/keycloak/jose/JWETest.java,org.keycloak.jose.JWETest,testDirect_Aes128CbcHmacSha256/0,false,64,2,1,0,1,1,1,5,0,2,0,1,1,1,0,0,0,0,2,0,2,0,0,0,0,0,16,1,0,false
/Users/cameronwiegel/Desktop/project/keycloak/core/src/test/java/org/keycloak/jose/JWETest.java,org.keycloak.jose.JWETest,"testKeyEncryption_ContentEncryptionAesGcm/2[java.lang.String,java.lang.String]",false,273,5,3,3,0,1,17,18,0,7,2,17,0,0,0,0,0,0,4,1,8,4,0,0,0,0,21,2,0,false
/Users/cameronwiegel/Desktop/project/keycloak/core/src/test/java/org/keycloak/jose/JWETest.java,org.keycloak.jose.JWETest,testRSA1_5_A128GCM/0,false,244,2,1,0,1,1,1,3,0,0,0,1,1,1,0,0,0,0,0,0,0,0,0,0,0,0,16,1,0,false
/Users/cameronwiegel/Desktop/project/keycloak/core/src/test/java/org/keycloak/jose/JWETest.java,org.keycloak.jose.JWETest,externalJweAes128CbcHmacSha256Test/0,false,180,2,0,0,0,1,7,11,0,5,0,7,0,0,0,0,0,0,4,0,5,1,0,0,0,0,21,1,0,false
/Users/cameronwiegel/Desktop/project/keycloak/core/src/test/java/org/keycloak/jose/JWETest.java,org.keycloak.jose.JWETest,externalJweAes128KeyWrapTest/0,false,224,3,0,0,0,1,6,10,0,5,0,6,0,0,0,0,0,0,4,0,5,0,0,0,0,0,17,1,0,false
/Users/cameronwiegel/Desktop/project/keycloak/core/src/test/java/org/keycloak/rule/RunInThreadRule.java,org.keycloak.rule.RunInThreadRule$RunInThreadStatement,RunInThreadStatement/1[org.keycloak.rule.Statement],true,37,1,1,1,0,1,0,3,0,0,1,0,0,0,0,0,0,0,0,0,1,0,0,0,0,0,5,0,0,false
/Users/cameronwiegel/Desktop/project/keycloak/core/src/test/java/org/keycloak/rule/RunInThreadRule.java,org.keycloak.rule.RunInThreadRule$RunInThreadStatement,evaluate/0,false,42,1,3,0,3,1,4,10,0,1,0,4,3,1,0,0,1,0,0,0,1,0,1,0,0,0,15,1,0,false
/Users/cameronwiegel/Desktop/project/keycloak/core/src/test/java/org/keycloak/rule/RunInThreadRule.java,org.keycloak.rule.RunInThreadRule$RunInThreadStatement,rethrowAssertionsAndErrors/0,false,77,0,1,1,0,2,0,5,0,0,0,0,0,0,0,1,0,0,0,0,0,0,1,0,0,0,7,2,0,false
/Users/cameronwiegel/Desktop/project/keycloak/core/src/test/java/org/keycloak/rule/RunInThreadRule.java,org.keycloak.rule.RunInThreadRule$RunInThreadStatement,runInThread/0,false,52,0,2,1,1,1,2,15,1,1,0,2,0,0,0,0,0,0,0,0,2,0,0,1,0,0,10,2,0,false
/Users/cameronwiegel/Desktop/project/keycloak/core/src/test/java/org/keycloak/rule/RunInThreadRule.java,org.keycloak.rule.RunInThreadRule$RunInThreadStatement,waitTillFinished/0,false,67,0,1,1,0,3,1,11,0,0,0,1,0,0,0,0,1,0,0,0,0,0,1,0,0,0,11,2,0,false
/Users/cameronwiegel/Desktop/project/keycloak/core/src/test/java/org/keycloak/KeyPairVerifierTest.java,org.keycloak.KeyPairVerifierTest,verifyImplRsa2048Key/1[java.lang.String],false,130,0,2,2,0,2,2,9,0,0,1,2,0,0,0,0,1,0,1,0,0,0,1,0,0,0,10,4,0,false
/Users/cameronwiegel/Desktop/project/keycloak/core/src/test/java/org/keycloak/KeyPairVerifierTest.java,org.keycloak.KeyPairVerifierTest,verifyWith1024PrivateKeyInPKCS8Format/0,false,70,2,1,0,1,1,1,4,0,1,0,1,1,1,0,0,0,0,14,0,1,1,0,0,0,0,83,1,0,false
/Users/cameronwiegel/Desktop/project/keycloak/core/src/test/java/org/keycloak/KeyPairVerifierTest.java,org.keycloak.KeyPairVerifierTest,verifyWith1024PrivateKeyInTraditionalRSAFormat/0,false,60,2,1,0,1,1,1,3,0,0,0,1,1,1,0,0,0,0,0,0,0,0,0,0,0,0,13,1,0,false
/Users/cameronwiegel/Desktop/project/keycloak/core/src/test/java/org/keycloak/KeyPairVerifierTest.java,org.keycloak.KeyPairVerifierTest,verifyWith2048PrivateKeyInPKCS8Format/0,false,90,2,1,0,1,1,1,4,0,1,0,1,1,1,0,0,0,0,26,0,1,1,0,0,0,0,150,1,0,false
/Users/cameronwiegel/Desktop/project/keycloak/core/src/test/java/org/keycloak/KeyPairVerifierTest.java,org.keycloak.KeyPairVerifierTest,verifyImplRsa1024Key/1[java.lang.String],false,121,0,2,2,0,2,2,9,0,0,1,2,0,0,0,0,1,0,1,0,0,0,1,0,0,0,10,4,0,false
/Users/cameronwiegel/Desktop/project/keycloak/core/src/test/java/org/keycloak/KeyPairVerifierTest.java,org.keycloak.KeyPairVerifierTest,verifyWith2048PrivateKeyInTraditionalRSAFormat/0,false,65,2,1,0,1,1,1,3,0,0,0,1,1,1,0,0,0,0,0,0,0,0,0,0,0,0,13,1,0,false
/Users/cameronwiegel/Desktop/project/keycloak/core/src/test/java/org/keycloak/sdjwt/SdJwtTest.java,org.keycloak.sdjwt.SdJwtTest,testA1_Example2_with_nested_disclosure_and_decoy_claims/0,false,40,7,1,0,1,1,18,19,0,11,0,18,0,0,0,0,0,2,32,2,11,0,0,0,0,0,38,1,0,false
/Users/cameronwiegel/Desktop/project/keycloak/core/src/test/java/org/keycloak/sdjwt/SdJwtTest.java,org.keycloak.sdjwt.SdJwtTest,settingsTest/0,false,34,3,2,0,2,1,3,4,0,1,0,3,0,0,0,0,0,0,0,0,1,0,0,0,0,0,9,1,0,false
/Users/cameronwiegel/Desktop/project/keycloak/core/src/test/java/org/keycloak/jose/jwk/JWKTest.java,org.keycloak.jose.jwk.JWKTest,publicEs256P521/0,false,219,2,1,0,1,1,1,3,0,0,0,1,1,2,0,0,0,0,1,0,0,0,0,0,0,0,6,1,0,false
/Users/cameronwiegel/Desktop/project/keycloak/core/src/test/java/org/keycloak/jose/jwk/JWKTest.java,org.keycloak.jose.jwk.JWKTest,publicEs256P384/0,false,224,2,1,0,1,1,1,3,0,0,0,1,1,2,0,0,0,0,1,0,0,0,0,0,0,0,6,1,0,false
/Users/cameronwiegel/Desktop/project/keycloak/core/src/test/java/org/keycloak/jose/jwk/JWKTest.java,org.keycloak.jose.jwk.JWKTest,testPublicEs256/1[java.lang.String],false,137,5,5,3,2,1,35,34,0,18,1,35,2,1,0,0,0,1,7,2,18,2,0,0,0,0,51,2,0,false
/Users/cameronwiegel/Desktop/project/keycloak/core/src/test/java/org/keycloak/jose/jwk/JWKTest.java,org.keycloak.jose.jwk.JWKTest,"sign/3[byte[],java.lang.String,java.security.PrivateKey]",false,282,1,3,3,0,1,4,6,1,1,3,4,0,0,0,0,0,0,0,0,1,0,0,0,0,0,8,2,0,false
/Users/cameronwiegel/Desktop/project/keycloak/core/src/test/java/org/keycloak/jose/jwk/JWKTest.java,org.keycloak.jose.jwk.JWKTest,parseEc/0,false,245,2,0,0,0,1,9,8,0,3,0,9,0,0,0,0,0,0,11,0,3,1,0,0,0,0,17,1,0,false
/Users/cameronwiegel/Desktop/project/keycloak/core/src/test/java/org/keycloak/jose/jwk/JWKTest.java,org.keycloak.jose.jwk.JWKTest,publicRs256/0,false,62,5,2,0,2,1,33,25,0,8,0,33,2,1,0,0,0,10,8,1,8,0,0,0,0,0,34,1,0,false
/Users/cameronwiegel/Desktop/project/keycloak/core/src/test/java/org/keycloak/jose/jwk/JWKTest.java,org.keycloak.jose.jwk.JWKTest,"verify/4[byte[],byte[],java.lang.String,java.security.PublicKey]",false,289,1,3,3,0,1,4,6,1,1,4,4,0,0,0,0,0,0,0,0,1,0,0,0,0,0,9,2,0,false
/Users/cameronwiegel/Desktop/project/keycloak/core/src/test/java/org/keycloak/jose/jwk/JWKTest.java,org.keycloak.jose.jwk.JWKTest,toPublicKey_EC/0,false,266,3,0,0,0,1,12,12,0,3,0,12,0,0,0,0,0,0,5,0,3,0,0,0,0,0,19,1,0,false
/Users/cameronwiegel/Desktop/project/keycloak/core/src/test/java/org/keycloak/jose/jwk/JWKTest.java,org.keycloak.jose.jwk.JWKTest,testCertificateGenerationWithRsaAndEc/0,false,184,1,0,0,0,1,9,13,0,8,0,9,0,0,0,0,0,0,3,0,8,0,0,0,0,0,28,1,0,false
/Users/cameronwiegel/Desktop/project/keycloak/core/src/test/java/org/keycloak/jose/jwk/JWKTest.java,org.keycloak.jose.jwk.JWKTest,testCertificateGenerationWithEcAndRsa/0,false,199,1,0,0,0,1,9,13,0,8,0,9,0,0,0,0,0,0,3,0,8,0,0,0,0,0,28,1,0,false
/Users/cameronwiegel/Desktop/project/keycloak/core/src/test/java/org/keycloak/jose/jwk/JWKTest.java,org.keycloak.jose.jwk.JWKTest,publicEs256P256/0,false,214,2,1,0,1,1,1,3,0,0,0,1,1,2,0,0,0,0,1,0,0,0,0,0,0,0,6,1,0,false
/Users/cameronwiegel/Desktop/project/keycloak/core/src/test/java/org/keycloak/jose/jwk/JWKTest.java,org.keycloak.jose.jwk.JWKTest,parseRsa/0,false,229,1,0,0,0,1,6,6,0,2,0,6,0,0,0,0,0,0,10,0,2,1,0,0,0,0,39,1,0,false
/Users/cameronwiegel/Desktop/project/keycloak/core/src/test/java/org/keycloak/jose/jwk/JWKTest.java,org.keycloak.jose.jwk.JWKTest,publicRs256Chain/0,false,97,5,2,0,2,2,36,29,0,10,0,36,2,1,1,0,0,10,9,1,11,0,1,0,0,0,36,1,0,false
/Users/cameronwiegel/Desktop/project/keycloak/core/src/test/java/org/keycloak/jose/HmacTest.java,org.keycloak.jose.HmacTest,"testHMACSignAndVerify/2[javax.crypto.SecretKey,java.lang.String]",false,57,2,2,2,0,1,8,6,0,2,2,8,0,0,0,0,0,0,2,0,2,0,0,0,0,0,21,4,0,false
/Users/cameronwiegel/Desktop/project/keycloak/core/src/test/java/org/keycloak/jose/HmacTest.java,org.keycloak.jose.HmacTest,testHmacSignaturesWithShortSecretKey/0,false,52,2,1,0,1,1,2,4,0,1,0,2,1,1,0,0,0,0,3,0,1,0,0,0,0,0,17,1,0,false
/Users/cameronwiegel/Desktop/project/keycloak/core/src/test/java/org/keycloak/jose/HmacTest.java,org.keycloak.jose.HmacTest,testHmacSignaturesWithRandomSecretKey/0,false,46,2,1,0,1,1,4,4,0,1,0,4,1,1,0,0,0,0,2,0,1,0,0,0,0,0,17,1,0,false
/Users/cameronwiegel/Desktop/project/keycloak/core/src/test/java/org/keycloak/json/StringListMapDeserializerTest.java,org.keycloak.json.StringListMapDeserializerTest$TestObject,getAttributes/0,false,102,0,1,1,0,1,0,3,1,0,0,0,0,0,0,0,0,0,0,0,0,0,0,0,0,0,3,1,0,false
/Users/cameronwiegel/Desktop/project/keycloak/core/src/test/java/org/keycloak/rule/CryptoInitRule.java,org.keycloak.rule.CryptoInitRule,before/0,false,13,1,0,0,0,1,2,3,0,0,0,2,0,0,0,0,0,0,0,0,0,0,0,0,0,0,2,4,0,false
/Users/cameronwiegel/Desktop/project/keycloak/core/src/test/java/org/keycloak/sdjwt/DisclosureRedListTest.java,org.keycloak.sdjwt.DisclosureRedListTest,testDefaultRedListedInObjectNbf/0,false,53,1,0,0,0,1,3,3,0,0,0,3,0,0,0,0,0,0,1,0,0,0,0,0,0,0,8,1,0,false
/Users/cameronwiegel/Desktop/project/keycloak/core/src/test/java/org/keycloak/sdjwt/DisclosureRedListTest.java,org.keycloak.sdjwt.DisclosureRedListTest,testDefaultRedListedStatus/0,false,63,1,0,0,0,1,3,3,0,0,0,3,0,0,0,0,0,0,1,0,0,0,0,0,0,0,6,1,0,false
/Users/cameronwiegel/Desktop/project/keycloak/core/src/test/java/org/keycloak/sdjwt/DisclosureRedListTest.java,org.keycloak.sdjwt.DisclosureRedListTest,testDefaultRedListedInArrayClaim/0,false,32,1,0,0,0,1,4,3,0,0,0,4,0,0,0,0,0,0,4,1,0,0,0,0,0,0,8,1,0,false
/Users/cameronwiegel/Desktop/project/keycloak/core/src/test/java/org/keycloak/sdjwt/DisclosureRedListTest.java,org.keycloak.sdjwt.DisclosureRedListTest,testDefaultRedListedIss/0,false,48,1,0,0,0,1,3,3,0,0,0,3,0,0,0,0,0,0,1,0,0,0,0,0,0,0,6,1,0,false
/Users/cameronwiegel/Desktop/project/keycloak/core/src/test/java/org/keycloak/sdjwt/DisclosureRedListTest.java,org.keycloak.sdjwt.DisclosureRedListTest,testDefaultRedListedCnf/0,false,58,1,0,0,0,1,3,3,0,0,0,3,0,0,0,0,0,0,1,0,0,0,0,0,0,0,6,1,0,false
/Users/cameronwiegel/Desktop/project/keycloak/core/src/test/java/org/keycloak/sdjwt/DisclosureRedListTest.java,org.keycloak.sdjwt.DisclosureRedListTest,testDefaultRedListedInDecoyArrayClaim/0,false,40,1,0,0,0,1,4,3,0,0,0,4,0,0,0,0,0,0,4,1,0,0,0,0,0,0,9,1,0,false
/Users/cameronwiegel/Desktop/project/keycloak/core/src/test/java/org/keycloak/sdjwt/DisclosureRedListTest.java,org.keycloak.sdjwt.DisclosureRedListTest,testDefaultRedListedInObjectClaim/0,false,24,1,0,0,0,1,3,3,0,0,0,3,0,0,0,0,0,0,3,0,0,0,0,0,0,0,8,1,0,false
/Users/cameronwiegel/Desktop/project/keycloak/core/src/test/java/org/keycloak/sdjwt/SdJwsTest.java,org.keycloak.sdjwt.SdJwsTest,testUnsignedJwsConstruction/0,false,113,3,1,0,1,1,2,6,0,1,0,2,1,1,0,0,0,0,0,0,1,0,0,1,0,0,9,1,0,false
/Users/cameronwiegel/Desktop/project/keycloak/core/src/test/java/org/keycloak/sdjwt/SdJwsTest.java,org.keycloak.sdjwt.SdJwsTest,testVerifyIssClaim_Negative/0,false,129,6,1,0,1,1,7,10,0,4,0,7,1,1,0,0,0,1,5,0,4,0,0,1,0,1,25,1,0,false
/Users/cameronwiegel/Desktop/project/keycloak/core/src/test/java/org/keycloak/sdjwt/SdJwsTest.java,org.keycloak.sdjwt.SdJwsTest,testVerifyIssClaim_Positive/0,false,139,5,1,0,1,1,4,9,0,3,0,4,1,1,0,0,0,1,4,0,3,0,0,1,0,0,19,1,0,false
/Users/cameronwiegel/Desktop/project/keycloak/core/src/test/java/org/keycloak/sdjwt/SdJwsTest.java,org.keycloak.sdjwt.SdJwsTest,createPayload/0,false,46,3,13,13,0,1,5,8,1,2,0,5,0,0,0,0,0,0,5,1,2,0,0,0,0,0,8,2,0,false
/Users/cameronwiegel/Desktop/project/keycloak/core/src/test/java/org/keycloak/sdjwt/SdJwsTest.java,org.keycloak.sdjwt.SdJwsTest,testVerifyNotBeforeClaim_Positive/0,false,97,5,1,0,1,1,6,8,0,2,0,6,1,1,0,0,0,1,1,1,2,0,0,1,0,0,17,1,0,false
/Users/cameronwiegel/Desktop/project/keycloak/core/src/test/java/org/keycloak/sdjwt/SdJwsTest.java,org.keycloak.sdjwt.SdJwsTest,testVerifySignature_WrongPublicKey/0,false,63,4,1,0,1,1,3,6,0,1,0,3,1,1,0,0,0,0,1,0,1,0,0,1,0,1,14,1,0,false
/Users/cameronwiegel/Desktop/project/keycloak/core/src/test/java/org/keycloak/sdjwt/SdJwsTest.java,org.keycloak.sdjwt.SdJwsTest,exampleSdJws/1[long],false,179,3,2,2,0,1,3,7,1,1,1,3,0,0,0,0,0,0,1,0,1,0,0,1,0,0,7,2,0,false
/Users/cameronwiegel/Desktop/project/keycloak/core/src/test/java/org/keycloak/sdjwt/SdJwsTest.java,org.keycloak.sdjwt.SdJwsTest,testVerifyExpClaim_ExpiredJWT/0,false,70,6,1,0,1,1,6,8,0,2,0,6,1,1,0,0,0,1,1,1,2,0,0,1,0,0,20,1,0,false
/Users/cameronwiegel/Desktop/project/keycloak/core/src/test/java/org/keycloak/sdjwt/SdJwsTest.java,org.keycloak.sdjwt.SdJwsTest,testVerifyExpClaim_Positive/0,false,79,5,1,0,1,1,6,8,0,2,0,6,1,1,0,0,0,1,1,1,2,0,0,1,0,0,16,1,0,false
/Users/cameronwiegel/Desktop/project/keycloak/core/src/test/java/org/keycloak/sdjwt/SdJwsTest.java,org.keycloak.sdjwt.SdJwsTest,testPayloadJwsConstruction/0,false,106,3,1,0,1,1,3,6,0,1,0,3,1,1,0,0,0,0,0,0,1,0,0,1,0,0,10,1,0,false
/Users/cameronwiegel/Desktop/project/keycloak/core/src/test/java/org/keycloak/sdjwt/SdJwsTest.java,org.keycloak.sdjwt.SdJwsTest,testVerifyNotBeforeClaim_Negative/0,false,88,6,1,0,1,1,6,8,0,2,0,6,1,1,0,0,0,1,1,1,2,0,0,1,0,0,18,1,0,false
/Users/cameronwiegel/Desktop/project/keycloak/core/src/test/java/org/keycloak/sdjwt/SdJwsTest.java,org.keycloak.sdjwt.SdJwsTest,testVerifyVctClaim_Negative/0,false,148,6,1,0,1,1,7,9,0,3,0,7,1,1,0,0,0,1,4,0,3,0,0,1,0,1,22,1,0,false
/Users/cameronwiegel/Desktop/project/keycloak/core/src/test/java/org/keycloak/sdjwt/SdJwsTest.java,org.keycloak.sdjwt.SdJwsTest,testVerifyVctClaim_Positive/0,false,157,5,1,0,1,1,4,8,0,2,0,4,1,1,0,0,0,1,3,0,2,0,0,1,0,0,17,1,0,false
/Users/cameronwiegel/Desktop/project/keycloak/core/src/test/java/org/keycloak/sdjwt/SdJwsTest.java,org.keycloak.sdjwt.SdJwsTest,shouldValidateAgeSinceIssued_IfJwtIsTooOld/0,false,172,4,1,0,1,1,7,6,0,3,0,7,1,1,0,0,0,0,1,2,3,1,0,0,0,1,24,1,0,false
/Users/cameronwiegel/Desktop/project/keycloak/core/src/test/java/org/keycloak/sdjwt/SdJwsTest.java,org.keycloak.sdjwt.SdJwsTest,testSignedJwsConstruction/0,false,120,3,1,0,1,1,3,6,0,1,0,3,1,1,0,0,0,0,1,0,1,0,0,1,0,0,11,1,0,false
/Users/cameronwiegel/Desktop/project/keycloak/core/src/test/java/org/keycloak/sdjwt/SdJwsTest.java,org.keycloak.sdjwt.SdJwsTest,testVerifySignature_Positive/0,false,56,3,1,0,1,1,2,6,0,1,0,2,1,1,0,0,0,0,1,0,1,0,0,1,0,0,11,1,0,false
/Users/cameronwiegel/Desktop/project/keycloak/core/src/test/java/org/keycloak/sdjwt/SdJwsTest.java,org.keycloak.sdjwt.SdJwsTest,shouldValidateAgeSinceIssued/0,false,165,3,1,0,1,1,4,5,0,2,0,4,1,1,0,0,0,0,0,1,2,0,0,0,0,0,12,1,0,false
/Users/cameronwiegel/Desktop/project/keycloak/core/src/test/java/org/keycloak/jose/jwk/JWKUtilTest.java,org.keycloak.jose.jwk.JWKUtilTest,testBigInteger509bit65bytes/0,false,67,2,0,0,0,1,4,11,0,2,0,4,0,0,0,0,0,0,1,7,3,0,0,0,0,0,6,1,0,false
/Users/cameronwiegel/Desktop/project/keycloak/core/src/test/java/org/keycloak/jose/jwk/JWKUtilTest.java,org.keycloak.jose.jwk.JWKUtilTest,testBigInteger380bit48bytes/0,false,81,2,0,0,0,1,4,11,0,2,0,4,0,0,0,0,0,0,1,7,3,0,0,0,0,0,6,1,0,false
/Users/cameronwiegel/Desktop/project/keycloak/core/src/test/java/org/keycloak/jose/jwk/JWKUtilTest.java,org.keycloak.jose.jwk.JWKUtilTest,testBigInteger256bit33bytes/0,false,31,2,0,0,0,1,4,8,0,2,0,4,0,0,0,0,0,0,1,5,2,0,0,0,0,0,6,1,0,false
/Users/cameronwiegel/Desktop/project/keycloak/core/src/test/java/org/keycloak/jose/jwk/JWKUtilTest.java,org.keycloak.jose.jwk.JWKUtilTest,testBigInteger519bit65bytes/0,false,53,2,0,0,0,1,4,11,0,2,0,4,0,0,0,0,0,0,1,7,3,0,0,0,0,0,6,1,0,false
/Users/cameronwiegel/Desktop/project/keycloak/core/src/test/java/org/keycloak/jose/jwk/JWKUtilTest.java,org.keycloak.jose.jwk.JWKUtilTest,testBigInteger380bit48bytesErrorFor256/0,false,95,1,0,0,0,1,6,7,0,2,0,6,0,0,0,0,0,0,2,3,2,0,0,0,0,1,14,1,0,false
/Users/cameronwiegel/Desktop/project/keycloak/core/src/test/java/org/keycloak/jose/jwk/JWKUtilTest.java,org.keycloak.jose.jwk.JWKUtilTest,testBigInteger521bit66bytes/0,false,42,2,0,0,0,1,4,8,0,2,0,4,0,0,0,0,0,0,1,5,2,0,0,0,0,0,6,1,0,false
/Users/cameronwiegel/Desktop/project/keycloak/core/src/test/java/org/keycloak/sdjwt/SdJwtFacadeTest.java,org.keycloak.sdjwt.SdJwtFacadeTest$Anonymous1,getAlgorithm/0,false,130,0,0,0,0,1,0,3,1,0,0,0,0,0,0,0,0,0,0,0,0,0,0,0,0,0,3,1,0,false
/Users/cameronwiegel/Desktop/project/keycloak/core/src/test/java/org/keycloak/sdjwt/SdJwtFacadeTest.java,org.keycloak.sdjwt.SdJwtFacadeTest$Anonymous1,"verify/2[byte[],byte[]]",false,135,1,0,0,0,1,0,3,1,0,2,0,0,0,0,0,0,0,0,0,0,0,0,0,0,0,4,1,0,false
/Users/cameronwiegel/Desktop/project/keycloak/core/src/test/java/org/keycloak/sdjwt/SdJwtFacadeTest.java,org.keycloak.sdjwt.SdJwtFacadeTest$Anonymous1,getKid/0,false,125,0,0,0,0,1,0,3,1,0,0,0,0,0,0,0,0,0,0,0,0,0,0,0,0,0,3,1,0,false
/Users/cameronwiegel/Desktop/project/keycloak/core/src/test/java/org/keycloak/util/UriUtilsTest.java,org.keycloak.util.UriUtilsTest,assertInvalid/1[java.lang.String],false,61,0,1,1,0,1,2,3,0,0,1,2,0,0,0,0,0,0,0,0,0,0,0,0,0,0,4,2,0,false
/Users/cameronwiegel/Desktop/project/keycloak/core/src/test/java/org/keycloak/util/UriUtilsTest.java,org.keycloak.util.UriUtilsTest,assertValid/1[java.lang.String],false,57,0,1,1,0,1,2,3,0,0,1,2,0,0,0,0,0,0,0,0,0,0,0,0,0,0,4,2,0,false
/Users/cameronwiegel/Desktop/project/keycloak/core/src/test/java/org/keycloak/util/UriUtilsTest.java,org.keycloak.util.UriUtilsTest,testStripQueryParam/0,false,66,1,0,0,0,1,2,10,0,0,0,2,0,0,0,0,0,0,24,0,0,0,0,0,0,0,10,1,0,false
/Users/cameronwiegel/Desktop/project/keycloak/core/src/test/java/org/keycloak/util/UriUtilsTest.java,org.keycloak.util.UriUtilsTest,testOrigins/0,false,33,2,2,0,2,1,2,22,0,0,0,2,2,1,0,0,0,0,20,0,0,0,0,0,0,0,6,1,0,false
/Users/cameronwiegel/Desktop/project/keycloak/core/src/test/java/org/keycloak/sdjwt/IssuerSignedJWTTest.java,org.keycloak.sdjwt.IssuerSignedJWTTest,testIssuerSignedJWTPayloadWithValidClaims/0,false,45,5,1,0,1,1,14,10,0,4,0,14,0,0,0,0,0,0,1,0,3,0,1,0,0,1,47,1,0,true
/Users/cameronwiegel/Desktop/project/keycloak/core/src/test/java/org/keycloak/sdjwt/IssuerSignedJWTTest.java,org.keycloak.sdjwt.IssuerSignedJWTTest,testIssuerSignedJWTWithUndiclosedClaims3_3/0,false,103,7,1,0,1,1,11,10,0,6,0,11,0,0,0,0,0,1,21,0,6,0,0,0,0,0,29,1,0,false
/Users/cameronwiegel/Desktop/project/keycloak/core/src/test/java/org/keycloak/sdjwt/IssuerSignedJWTTest.java,org.keycloak.sdjwt.IssuerSignedJWTTest,testIssuerSignedJWTPayloadThrowsExceptionForDuplicateClaims/0,false,60,4,1,0,1,2,15,14,0,4,0,15,0,0,0,1,0,0,1,1,2,1,1,0,0,3,25,1,0,false
/Users/cameronwiegel/Desktop/project/keycloak/core/src/test/java/org/keycloak/sdjwt/IssuerSignedJWTTest.java,org.keycloak.sdjwt.IssuerSignedJWTTest,testIssuerSignedJWTWithUndiclosedClaims6_1/0,false,85,6,1,0,1,1,10,8,0,5,0,10,0,0,0,0,0,0,10,0,5,0,0,0,0,0,28,1,0,false
